symbol,date,threshold,PPO,SAC,TD3,LST,LS10,LSR,LCl,weights,section
AAPL,2026-09-28,100 (52),0.68( 0.01),0.99( 0.89),1.00( 0.90),0.0045( 0.0007),0.0051( 0.0050),4.6731(  2.2731),0.46(  0.00),"[3, 0, 0, 25, 24, 25, 23]",All Stocks
AAPL,2026-09-28,100 (52),0.68( 0.01),0.99( 0.89),1.00( 0.90),0.0045( 0.0007),0.0051( 0.0050),4.6731(  2.2731),0.46(  0.00),"[3, 0, 0, 25, 24, 25, 23]",Stocks to buy
AAPL,2026-09-28,100 (52),0.68( 0.01),0.99( 0.89),1.00( 0.90),0.0045( 0.0007),0.0051( 0.0050),4.6731(  2.2731),0.46(  0.00),"[3, 0, 0, 25, 24, 25, 23]",STRONG BUY
AAPL,2026-09-28,100 (52),0.68( 0.01),0.99( 0.89),1.00( 0.90),0.0045( 0.0007),0.0051( 0.0050),4.6731(  2.2731),0.46(  0.00),"[3, 0, 0, 25, 24, 25, 23]",American stocks
AAPL,2026-09-28,100 (52),0.68( 0.01),0.99( 0.89),1.00( 0.90),0.0045( 0.0007),0.0051( 0.0050),4.6731(  2.2731),0.46(  0.00),"[3, 0, 0, 25, 24, 25, 23]",Technology
AAPL,2026-09-28,100 (52),0.68( 0.01),0.99( 0.89),1.00( 0.90),0.0045( 0.0007),0.0051( 0.0050),4.6731(  2.2731),0.46(  0.00),"[3, 0, 0, 25, 24, 25, 23]",Consumer Goods
ABEV,2026-09-28,51 (91),-0.71(-0.81),0.85( 0.75),-1.00(-1.66),0.0018( 0.0009),0.0095( 0.0092),-3.8182( -5.0182),0.47(  0.46),"[0, 9, 16, 12, 30, 33, 0]",All Stocks
ABEV,2026-09-28,51 (91),-0.71(-0.81),0.85( 0.75),-1.00(-1.66),0.0018( 0.0009),0.0095( 0.0092),-3.8182( -5.0182),0.47(  0.46),"[0, 9, 16, 12, 30, 33, 0]",Brazilian biggest stocks
ABEV,2026-09-28,51 (91),-0.71(-0.81),0.85( 0.75),-1.00(-1.66),0.0018( 0.0009),0.0095( 0.0092),-3.8182( -5.0182),0.47(  0.46),"[0, 9, 16, 12, 30, 33, 0]",ADRs
ABEV3,2026-09-28,7 (73),0.38(-0.14),-0.89(-1.23),-1.00(-1.91),0.0044( 0.0035),0.0074(-0.0011),0.0410( -3.3590),0.41(  0.40),"[70, 7, 6, 4, 4, 6, 3]",All Stocks
ABEV3,2026-09-28,7 (73),0.38(-0.14),-0.89(-1.23),-1.00(-1.91),0.0044( 0.0035),0.0074(-0.0011),0.0410( -3.3590),0.41(  0.40),"[70, 7, 6, 4, 4, 6, 3]",Brazilian biggest stocks
AEP,2026-09-28,72 (27),0.05(-0.11),0.99( 0.89),-1.00(-2.00),0.0055( 0.0034),0.0106( 0.0091),-5.6990( -7.2990),0.50(  0.02),"[2, 0, 0, 27, 25, 26, 21]",All Stocks
AEP,2026-09-28,72 (27),0.05(-0.11),0.99( 0.89),-1.00(-2.00),0.0055( 0.0034),0.0106( 0.0091),-5.6990( -7.2990),0.50(  0.02),"[2, 0, 0, 27, 25, 26, 21]",Stocks to buy
AEP,2026-09-28,72 (27),0.05(-0.11),0.99( 0.89),-1.00(-2.00),0.0055( 0.0034),0.0106( 0.0091),-5.6990( -7.2990),0.50(  0.02),"[2, 0, 0, 27, 25, 26, 21]",STRONG BUY
AEP,2026-09-28,72 (27),0.05(-0.11),0.99( 0.89),-1.00(-2.00),0.0055( 0.0034),0.0106( 0.0091),-5.6990( -7.2990),0.50(  0.02),"[2, 0, 0, 27, 25, 26, 21]",Energy
AGRO3,2026-09-28,14 (51),0.55(-0.31),0.99(-0.00),-1.00(-2.00),0.0055(-0.0060),0.0065( 0.0015),-0.3440( -9.4440),0.42( -0.05),"[36, 23, 7, 0, 14, 20, 0]",All Stocks
ALUP1,2026-09-28,32 (28),0.23( 0.03),1.00( 0.01),-1.00(-1.10),0.0032(-0.0006),-0.0016(-0.0058),-2.7116( -5.2116),0.49( -0.03),"[21, 11, 24, 14, 17, 12, 2]",All Stocks
ALUP1,2026-09-28,32 (28),0.23( 0.03),1.00( 0.01),-1.00(-1.10),0.0032(-0.0006),-0.0016(-0.0058),-2.7116( -5.2116),0.49( -0.03),"[21, 11, 24, 14, 17, 12, 2]",Stocks to buy
ALUP3,2026-09-28,48 (71),0.54( 0.23),-0.85(-0.99),-1.00(-1.10),0.0090(-0.0062),0.0194(-0.0082),0.5440( -0.7560),0.41(  0.02),"[29, 29, 0, 0, 0, 23, 18]",All Stocks
ALUP4,2026-09-28,54 (61),0.17( 0.07),0.76( 0.40),0.99( 0.56),0.0014(-0.0028),-0.0013(-0.0046),-2.4264( -4.7264),0.47( -0.02),"[19, 18, 18, 7, 16, 3, 19]",All Stocks
AMZN,2026-09-28,60 (55),0.35( 0.01),1.00( 0.90),1.00( 0.90),0.0107(-0.0065),0.0125(-0.0014),2.6261( -5.2739),0.43(  0.01),"[5, 0, 0, 22, 4, 14, 55]",All Stocks
AMZN,2026-09-28,60 (55),0.35( 0.01),1.00( 0.90),1.00( 0.90),0.0107(-0.0065),0.0125(-0.0014),2.6261( -5.2739),0.43(  0.01),"[5, 0, 0, 22, 4, 14, 55]",Stocks to buy
AMZN,2026-09-28,60 (55),0.35( 0.01),1.00( 0.90),1.00( 0.90),0.0107(-0.0065),0.0125(-0.0014),2.6261( -5.2739),0.43(  0.01),"[5, 0, 0, 22, 4, 14, 55]",American stocks
AMZN,2026-09-28,60 (55),0.35( 0.01),1.00( 0.90),1.00( 0.90),0.0107(-0.0065),0.0125(-0.0014),2.6261( -5.2739),0.43(  0.01),"[5, 0, 0, 22, 4, 14, 55]",Consumer Goods
AXP,2026-09-28,0 (60),0.10(-0.07),-0.93(-1.03),1.00( 0.00),0.0045(-0.0017),0.0073(-0.0002),0.6875( -0.4125),0.45(  0.10),"[36, 0, 0, 60, 4, 0, 0]",All Stocks
AXP,2026-09-28,0 (60),0.10(-0.07),-0.93(-1.03),1.00( 0.00),0.0045(-0.0017),0.0073(-0.0002),0.6875( -0.4125),0.45(  0.10),"[36, 0, 0, 60, 4, 0, 0]",Finance
B3SA3,2026-09-28,84 (84),0.21(-0.15),0.97( 0.03),1.00( 0.90),0.0112( 0.0109),0.0113( 0.0084),7.4096(  5.2096),0.45(  0.06),"[16, 34, 0, 1, 11, 33, 5]",All Stocks
B3SA3,2026-09-28,84 (84),0.21(-0.15),0.97( 0.03),1.00( 0.90),0.0112( 0.0109),0.0113( 0.0084),7.4096(  5.2096),0.45(  0.06),"[16, 34, 0, 1, 11, 33, 5]",Stocks to buy
B3SA3,2026-09-28,84 (84),0.21(-0.15),0.97( 0.03),1.00( 0.90),0.0112( 0.0109),0.0113( 0.0084),7.4096(  5.2096),0.45(  0.06),"[16, 34, 0, 1, 11, 33, 5]",STRONG BUY
B3SA3,2026-09-28,84 (84),0.21(-0.15),0.97( 0.03),1.00( 0.90),0.0112( 0.0109),0.0113( 0.0084),7.4096(  5.2096),0.45(  0.06),"[16, 34, 0, 1, 11, 33, 5]",Finance
B3SA3,2026-09-28,84 (84),0.21(-0.15),0.97( 0.03),1.00( 0.90),0.0112( 0.0109),0.0113( 0.0084),7.4096(  5.2096),0.45(  0.06),"[16, 34, 0, 1, 11, 33, 5]",Brazilian Finance
BAC,2026-09-28,58 (71),-0.03(-0.13),-0.10(-0.78),1.00( 0.00),0.0090( 0.0076),0.0153( 0.0133),-3.9542(-10.4542),0.51(  0.06),"[0, 20, 9, 30, 9, 22, 11]",All Stocks
BAC,2026-09-28,58 (71),-0.03(-0.13),-0.10(-0.78),1.00( 0.00),0.0090( 0.0076),0.0153( 0.0133),-3.9542(-10.4542),0.51(  0.06),"[0, 20, 9, 30, 9, 22, 11]",Finance
BBAS3,2026-09-28,46 (47),0.54( 0.12),0.97( 0.03),-0.89(-1.06),0.0102( 0.0088),0.0637( 0.0619),0.8248( -8.1752),0.42( -0.02),"[28, 5, 41, 13, 1, 0, 13]",All Stocks
BBAS3,2026-09-28,46 (47),0.54( 0.12),0.97( 0.03),-0.89(-1.06),0.0102( 0.0088),0.0637( 0.0619),0.8248( -8.1752),0.42( -0.02),"[28, 5, 41, 13, 1, 0, 13]",Finance
BBAS3,2026-09-28,46 (47),0.54( 0.12),0.97( 0.03),-0.89(-1.06),0.0102( 0.0088),0.0637( 0.0619),0.8248( -8.1752),0.42( -0.02),"[28, 5, 41, 13, 1, 0, 13]",Brazilian Finance
BBD,2026-09-28,62 (39),0.39( 0.07),0.97( 0.00),1.00( 0.90),0.0045( 0.0021),-0.0031(-0.0039),-1.4045( -2.8045),0.22( -0.06),"[20, 20, 0, 22, 3, 22, 14]",All Stocks
BBD,2026-09-28,62 (39),0.39( 0.07),0.97( 0.00),1.00( 0.90),0.0045( 0.0021),-0.0031(-0.0039),-1.4045( -2.8045),0.22( -0.06),"[20, 20, 0, 22, 3, 22, 14]",Stocks to buy
BBD,2026-09-28,62 (39),0.39( 0.07),0.97( 0.00),1.00( 0.90),0.0045( 0.0021),-0.0031(-0.0039),-1.4045( -2.8045),0.22( -0.06),"[20, 20, 0, 22, 3, 22, 14]",ADRs
BBD,2026-09-28,62 (39),0.39( 0.07),0.97( 0.00),1.00( 0.90),0.0045( 0.0021),-0.0031(-0.0039),-1.4045( -2.8045),0.22( -0.06),"[20, 20, 0, 22, 3, 22, 14]",Finance
BBD,2026-09-28,62 (39),0.39( 0.07),0.97( 0.00),1.00( 0.90),0.0045( 0.0021),-0.0031(-0.0039),-1.4045( -2.8045),0.22( -0.06),"[20, 20, 0, 22, 3, 22, 14]",Brazilian Finance
BBDC3,2026-09-28,0 (10),-0.76(-0.86),-0.73(-0.83),-0.99(-1.09),-0.0019(-0.0020),-0.0060(-0.0061),0.6593( -0.3407),0.48(  0.47),"[0, 0, 0, 0, 0, 0, 0]",All Stocks
BBDC3,2026-09-28,0 (10),-0.76(-0.86),-0.73(-0.83),-0.99(-1.09),-0.0019(-0.0020),-0.0060(-0.0061),0.6593( -0.3407),0.48(  0.47),"[0, 0, 0, 0, 0, 0, 0]",Finance
BBDC3,2026-09-28,0 (10),-0.76(-0.86),-0.73(-0.83),-0.99(-1.09),-0.0019(-0.0020),-0.0060(-0.0061),0.6593( -0.3407),0.48(  0.47),"[0, 0, 0, 0, 0, 0, 0]",Brazilian Finance
BBDC4,2026-09-28,26 (29),-0.04(-0.21),-0.97(-1.79),-0.85(-1.84),0.0050( 0.0047),0.0022( 0.0010),1.7815( -2.7185),0.13( -0.29),"[2, 29, 4, 1, 26, 16, 22]",All Stocks
BBDC4,2026-09-28,26 (29),-0.04(-0.21),-0.97(-1.79),-0.85(-1.84),0.0050( 0.0047),0.0022( 0.0010),1.7815( -2.7185),0.13( -0.29),"[2, 29, 4, 1, 26, 16, 22]",Finance
BBDC4,2026-09-28,26 (29),-0.04(-0.21),-0.97(-1.79),-0.85(-1.84),0.0050( 0.0047),0.0022( 0.0010),1.7815( -2.7185),0.13( -0.29),"[2, 29, 4, 1, 26, 16, 22]",Brazilian Finance
BBSE3,2026-09-28,71 (43),0.50(-0.04),1.00( 0.90),1.00( 0.84),0.0058( 0.0056),0.0095( 0.0090),1.7776(  0.7776),0.47(  0.05),"[29, 0, 35, 2, 2, 3, 28]",All Stocks
BBSE3,2026-09-28,71 (43),0.50(-0.04),1.00( 0.90),1.00( 0.84),0.0058( 0.0056),0.0095( 0.0090),1.7776(  0.7776),0.47(  0.05),"[29, 0, 35, 2, 2, 3, 28]",Stocks to buy
BBSE3,2026-09-28,71 (43),0.50(-0.04),1.00( 0.90),1.00( 0.84),0.0058( 0.0056),0.0095( 0.0090),1.7776(  0.7776),0.47(  0.05),"[29, 0, 35, 2, 2, 3, 28]",STRONG BUY
BBSE3,2026-09-28,71 (43),0.50(-0.04),1.00( 0.90),1.00( 0.84),0.0058( 0.0056),0.0095( 0.0090),1.7776(  0.7776),0.47(  0.05),"[29, 0, 35, 2, 2, 3, 28]",Finance
BBSE3,2026-09-28,71 (43),0.50(-0.04),1.00( 0.90),1.00( 0.84),0.0058( 0.0056),0.0095( 0.0090),1.7776(  0.7776),0.47(  0.05),"[29, 0, 35, 2, 2, 3, 28]",Brazilian Finance
BOVA1,2026-09-28,49 (47),-0.62(-0.72),-0.96(-1.06),0.88( 0.12),0.0130( 0.0129),0.0188( 0.0187),-1.0137( -2.1137),0.06(  0.04),"[7, 2, 4, 3, 0, 42, 42]",All Stocks
BOVA1,2026-09-28,49 (47),-0.62(-0.72),-0.96(-1.06),0.88( 0.12),0.0130( 0.0129),0.0188( 0.0187),-1.0137( -2.1137),0.06(  0.04),"[7, 2, 4, 3, 0, 42, 42]",Stocks to buy
BOVA1,2026-09-28,49 (47),-0.62(-0.72),-0.96(-1.06),0.88( 0.12),0.0130( 0.0129),0.0188( 0.0187),-1.0137( -2.1137),0.06(  0.04),"[7, 2, 4, 3, 0, 42, 42]",Indexes
BOVA1,2026-09-28,49 (47),-0.62(-0.72),-0.96(-1.06),0.88( 0.12),0.0130( 0.0129),0.0188( 0.0187),-1.0137( -2.1137),0.06(  0.04),"[7, 2, 4, 3, 0, 42, 42]",Brazilian Indexes
BPAC1,2026-09-28,28 (96),-0.64(-0.74),0.84( 0.06),1.00( 0.90),-0.0065(-0.0089),0.0133(-0.0226),2.7352( -0.1648),0.99(  0.97),"[0, 21, 3, 72, 0, 0, 4]",All Stocks
BPAC1,2026-09-28,28 (96),-0.64(-0.74),0.84( 0.06),1.00( 0.90),-0.0065(-0.0089),0.0133(-0.0226),2.7352( -0.1648),0.99(  0.97),"[0, 21, 3, 72, 0, 0, 4]",Finance
BPAC1,2026-09-28,28 (96),-0.64(-0.74),0.84( 0.06),1.00( 0.90),-0.0065(-0.0089),0.0133(-0.0226),2.7352( -0.1648),0.99(  0.97),"[0, 21, 3, 72, 0, 0, 4]",Brazilian Finance
BPAC3,2026-09-28,75 (38),1.00( 0.90),1.00( 0.90),1.00( 0.90),0.0090( 0.0023),0.0098( 0.0060),-0.2862( -1.2862),0.17(  0.12),"[0, 0, 0, 38, 28, 25, 10]",All Stocks
BPAC3,2026-09-28,75 (38),1.00( 0.90),1.00( 0.90),1.00( 0.90),0.0090( 0.0023),0.0098( 0.0060),-0.2862( -1.2862),0.17(  0.12),"[0, 0, 0, 38, 28, 25, 10]",Stocks to buy
BPAC3,2026-09-28,75 (38),1.00( 0.90),1.00( 0.90),1.00( 0.90),0.0090( 0.0023),0.0098( 0.0060),-0.2862( -1.2862),0.17(  0.12),"[0, 0, 0, 38, 28, 25, 10]",STRONG BUY
BPAC3,2026-09-28,75 (38),1.00( 0.90),1.00( 0.90),1.00( 0.90),0.0090( 0.0023),0.0098( 0.0060),-0.2862( -1.2862),0.17(  0.12),"[0, 0, 0, 38, 28, 25, 10]",Finance
BPAC3,2026-09-28,75 (38),1.00( 0.90),1.00( 0.90),1.00( 0.90),0.0090( 0.0023),0.0098( 0.0060),-0.2862( -1.2862),0.17(  0.12),"[0, 0, 0, 38, 28, 25, 10]",Brazilian Finance
BPAC5,2026-09-28,97 (93),0.96( 0.86),-1.00(-1.10),1.00( 0.90),0.0292(-0.0207),0.0989( 0.0908),1.7897( -0.0103),0.92(  0.90),"[0, 0, 0, 0, 5, 3, 93]",All Stocks
BPAC5,2026-09-28,97 (93),0.96( 0.86),-1.00(-1.10),1.00( 0.90),0.0292(-0.0207),0.0989( 0.0908),1.7897( -0.0103),0.92(  0.90),"[0, 0, 0, 0, 5, 3, 93]",Stocks to buy
BPAC5,2026-09-28,97 (93),0.96( 0.86),-1.00(-1.10),1.00( 0.90),0.0292(-0.0207),0.0989( 0.0908),1.7897( -0.0103),0.92(  0.90),"[0, 0, 0, 0, 5, 3, 93]",STRONG BUY
BPAC5,2026-09-28,97 (93),0.96( 0.86),-1.00(-1.10),1.00( 0.90),0.0292(-0.0207),0.0989( 0.0908),1.7897( -0.0103),0.92(  0.90),"[0, 0, 0, 0, 5, 3, 93]",Finance
BPAC5,2026-09-28,97 (93),0.96( 0.86),-1.00(-1.10),1.00( 0.90),0.0292(-0.0207),0.0989( 0.0908),1.7897( -0.0103),0.92(  0.90),"[0, 0, 0, 0, 5, 3, 93]",Brazilian Finance
BPAN4,2026-01-23,100 (63),0.24( 0.07),0.22( 0.01),1.00( 0.90),0.0071( 0.0048),0.0131( 0.0087),6.1243(  4.3243),0.99(  0.77),"[2, 2, 0, 33, 32, 2, 29]",All Stocks
BPAN4,2026-01-23,100 (63),0.24( 0.07),0.22( 0.01),1.00( 0.90),0.0071( 0.0048),0.0131( 0.0087),6.1243(  4.3243),0.99(  0.77),"[2, 2, 0, 33, 32, 2, 29]",Stocks to buy
BPAN4,2026-01-23,100 (63),0.24( 0.07),0.22( 0.01),1.00( 0.90),0.0071( 0.0048),0.0131( 0.0087),6.1243(  4.3243),0.99(  0.77),"[2, 2, 0, 33, 32, 2, 29]",STRONG BUY
BPAN4,2026-01-23,100 (63),0.24( 0.07),0.22( 0.01),1.00( 0.90),0.0071( 0.0048),0.0131( 0.0087),6.1243(  4.3243),0.99(  0.77),"[2, 2, 0, 33, 32, 2, 29]",Finance
BPAN4,2026-01-23,100 (63),0.24( 0.07),0.22( 0.01),1.00( 0.90),0.0071( 0.0048),0.0131( 0.0087),6.1243(  4.3243),0.99(  0.77),"[2, 2, 0, 33, 32, 2, 29]",Brazilian Finance
BRAP3,2026-09-28,67 (68),-0.56(-0.66),0.97( 0.20),1.00( 0.06),0.0045(-0.0000),-0.0008(-0.0017),-4.4358( -8.1358),0.37(  0.00),"[0, 3, 48, 28, 2, 3, 16]",All Stocks
BRAP4,2026-09-28,50 (29),-0.05(-0.28),0.97( 0.01),-0.90(-1.77),0.0073(-0.0005),0.0202( 0.0071),-5.1429(-10.7429),0.01( -0.88),"[0, 21, 1, 26, 29, 2, 20]",All Stocks
BRAP4,2026-09-28,50 (29),-0.05(-0.28),0.97( 0.01),-0.90(-1.77),0.0073(-0.0005),0.0202( 0.0071),-5.1429(-10.7429),0.01( -0.88),"[0, 21, 1, 26, 29, 2, 20]",Stocks to buy
BRK-B,2026-09-28,6 (40),0.61(-0.06),-0.75(-0.85),1.00( 0.90),0.0034( 0.0010),0.0058( 0.0019),-4.3142(-11.7142),0.48( -0.00),"[26, 0, 0, 0, 6, 34, 35]",All Stocks
BRKM3,2026-09-28,0 (37),-0.41(-1.25),-0.59(-1.53),-1.00(-1.10),-0.0062(-0.0529),0.0276(-0.1100),-3.8991(-11.2991),0.00( -0.95),"[0, 37, 0, 0, 0, 37, 27]",All Stocks
BRKM5,2026-09-28,0 (34),0.06(-0.32),-0.64(-0.77),-1.00(-1.10),0.0219(-0.0112),0.0026(-0.0523),-8.0466(-16.0466),0.33( -0.01),"[11, 26, 0, 0, 34, 30, 0]",All Stocks
BRKM6,2026-09-25,33 (54),-0.25(-0.65),0.96( 0.86),-1.00(-1.49),0.0099(-0.0058),0.0368(-0.0072),-2.7889( -7.4889),0.01( -0.91),"[0, 33, 21, 0, 15, 14, 17]",All Stocks
BRSR3,2026-09-28,60 (93),0.47(-0.01),0.97( 0.00),-1.00(-1.10),0.0044( 0.0011),0.0134( 0.0071),1.2859( -0.0141),0.49( -0.16),"[32, 13, 0, 32, 14, 2, 6]",All Stocks
BRSR3,2026-09-28,60 (93),0.47(-0.01),0.97( 0.00),-1.00(-1.10),0.0044( 0.0011),0.0134( 0.0071),1.2859( -0.0141),0.49( -0.16),"[32, 13, 0, 32, 14, 2, 6]",Finance
BRSR3,2026-09-28,60 (93),0.47(-0.01),0.97( 0.00),-1.00(-1.10),0.0044( 0.0011),0.0134( 0.0071),1.2859( -0.0141),0.49( -0.16),"[32, 13, 0, 32, 14, 2, 6]",Brazilian Finance
BRSR5,2026-09-28,43 (52),-0.10(-0.25),-0.67(-0.77),-0.72(-1.70),0.0043( 0.0010),0.0175( 0.0010),-3.4358( -8.6358),0.52(  0.01),"[9, 19, 16, 17, 17, 13, 9]",All Stocks
BRSR5,2026-09-28,43 (52),-0.10(-0.25),-0.67(-0.77),-0.72(-1.70),0.0043( 0.0010),0.0175( 0.0010),-3.4358( -8.6358),0.52(  0.01),"[9, 19, 16, 17, 17, 13, 9]",Finance
BRSR5,2026-09-28,43 (52),-0.10(-0.25),-0.67(-0.77),-0.72(-1.70),0.0043( 0.0010),0.0175( 0.0010),-3.4358( -8.6358),0.52(  0.01),"[9, 19, 16, 17, 17, 13, 9]",Brazilian Finance
BRSR6,2026-09-28,32 (64),-0.55(-0.65),0.94( 0.47),1.00( 0.58),-0.0033(-0.0037),-0.0016(-0.0020),4.1916(  2.5916),0.77( -0.00),"[2, 16, 1, 2, 29, 15, 35]",All Stocks
BRSR6,2026-09-28,32 (64),-0.55(-0.65),0.94( 0.47),1.00( 0.58),-0.0033(-0.0037),-0.0016(-0.0020),4.1916(  2.5916),0.77( -0.00),"[2, 16, 1, 2, 29, 15, 35]",Finance
BRSR6,2026-09-28,32 (64),-0.55(-0.65),0.94( 0.47),1.00( 0.58),-0.0033(-0.0037),-0.0016(-0.0020),4.1916(  2.5916),0.77( -0.00),"[2, 16, 1, 2, 29, 15, 35]",Brazilian Finance
BRZU,2026-09-28,58 (44),0.33( 0.01),0.76(-0.22),1.00( 0.11),0.0250( 0.0249),0.0100( 0.0026),1.9525(  0.9525),0.17(  0.01),"[1, 42, 1, 1, 16, 21, 18]",All Stocks
BRZU,2026-09-28,58 (44),0.33( 0.01),0.76(-0.22),1.00( 0.11),0.0250( 0.0249),0.0100( 0.0026),1.9525(  0.9525),0.17(  0.01),"[1, 42, 1, 1, 16, 21, 18]",Stocks to buy
BRZU,2026-09-28,58 (44),0.33( 0.01),0.76(-0.22),1.00( 0.11),0.0250( 0.0249),0.0100( 0.0026),1.9525(  0.9525),0.17(  0.01),"[1, 42, 1, 1, 16, 21, 18]",Indexes
BRZU,2026-09-28,58 (44),0.33( 0.01),0.76(-0.22),1.00( 0.11),0.0250( 0.0249),0.0100( 0.0026),1.9525(  0.9525),0.17(  0.01),"[1, 42, 1, 1, 16, 21, 18]",Brazilian Indexes
BSBR,2026-09-28,0 (74),-0.30(-0.40),0.82(-0.10),-1.00(-1.10),-0.0090(-0.0108),-0.0093(-0.0297),-4.1958( -6.5958),0.00( -0.66),"[27, 23, 2, 1, 1, 20, 25]",All Stocks
BSBR,2026-09-28,0 (74),-0.30(-0.40),0.82(-0.10),-1.00(-1.10),-0.0090(-0.0108),-0.0093(-0.0297),-4.1958( -6.5958),0.00( -0.66),"[27, 23, 2, 1, 1, 20, 25]",ADRs
BSBR,2026-09-28,0 (74),-0.30(-0.40),0.82(-0.10),-1.00(-1.10),-0.0090(-0.0108),-0.0093(-0.0297),-4.1958( -6.5958),0.00( -0.66),"[27, 23, 2, 1, 1, 20, 25]",Finance
BSBR,2026-09-28,0 (74),-0.30(-0.40),0.82(-0.10),-1.00(-1.10),-0.0090(-0.0108),-0.0093(-0.0297),-4.1958( -6.5958),0.00( -0.66),"[27, 23, 2, 1, 1, 20, 25]",Brazilian Finance
CIG,2026-09-28,24 (76),-0.16(-0.26),-1.00(-1.10),-1.00(-1.10),0.0022( 0.0010),0.0082( 0.0042),-0.8135( -4.3135),0.43( -0.00),"[0, 0, 2, 16, 8, 34, 40]",All Stocks
CIG,2026-09-28,24 (76),-0.16(-0.26),-1.00(-1.10),-1.00(-1.10),0.0022( 0.0010),0.0082( 0.0042),-0.8135( -4.3135),0.43( -0.00),"[0, 0, 2, 16, 8, 34, 40]",ADRs
CIG,2026-09-28,24 (76),-0.16(-0.26),-1.00(-1.10),-1.00(-1.10),0.0022( 0.0010),0.0082( 0.0042),-0.8135( -4.3135),0.43( -0.00),"[0, 0, 2, 16, 8, 34, 40]",Brazilian Energy
CMIG3,2026-09-28,12 (98),0.71( 0.61),1.00( 0.90),1.00( 0.90),0.0072(-0.0048),0.0174( 0.0104),-2.6998( -6.3998),0.96(  0.95),"[0, 0, 0, 78, 9, 11, 3]",All Stocks
CMIG3,2026-09-28,12 (98),0.71( 0.61),1.00( 0.90),1.00( 0.90),0.0072(-0.0048),0.0174( 0.0104),-2.6998( -6.3998),0.96(  0.95),"[0, 0, 0, 78, 9, 11, 3]",Energy
CMIG3,2026-09-28,12 (98),0.71( 0.61),1.00( 0.90),1.00( 0.90),0.0072(-0.0048),0.0174( 0.0104),-2.6998( -6.3998),0.96(  0.95),"[0, 0, 0, 78, 9, 11, 3]",Brazilian Energy
CMIG4,2026-09-28,100 (94),1.00( 0.00),0.94( 0.84),1.00( 0.90),0.0076( 0.0001),0.0194( 0.0000),0.7145( -0.2855),0.35(  0.34),"[7, 0, 0, 15, 78, 0, 0]",All Stocks
CMIG4,2026-09-28,100 (94),1.00( 0.00),0.94( 0.84),1.00( 0.90),0.0076( 0.0001),0.0194( 0.0000),0.7145( -0.2855),0.35(  0.34),"[7, 0, 0, 15, 78, 0, 0]",Stocks to buy
CMIG4,2026-09-28,100 (94),1.00( 0.00),0.94( 0.84),1.00( 0.90),0.0076( 0.0001),0.0194( 0.0000),0.7145( -0.2855),0.35(  0.34),"[7, 0, 0, 15, 78, 0, 0]",STRONG BUY
CMIG4,2026-09-28,100 (94),1.00( 0.00),0.94( 0.84),1.00( 0.90),0.0076( 0.0001),0.0194( 0.0000),0.7145( -0.2855),0.35(  0.34),"[7, 0, 0, 15, 78, 0, 0]",Energy
CMIG4,2026-09-28,100 (94),1.00( 0.00),0.94( 0.84),1.00( 0.90),0.0076( 0.0001),0.0194( 0.0000),0.7145( -0.2855),0.35(  0.34),"[7, 0, 0, 15, 78, 0, 0]",Brazilian Energy
CPFE3,2026-09-28,46 (82),-0.58(-0.68),1.00( 0.90),1.00( 0.29),0.0012(-0.0013),0.0151( 0.0107),0.5459( -5.0541),0.50(  0.05),"[0, 0, 12, 40, 19, 13, 16]",All Stocks
CPFE3,2026-09-28,46 (82),-0.58(-0.68),1.00( 0.90),1.00( 0.29),0.0012(-0.0013),0.0151( 0.0107),0.5459( -5.0541),0.50(  0.05),"[0, 0, 12, 40, 19, 13, 16]",Energy
CPFE3,2026-09-28,46 (82),-0.58(-0.68),1.00( 0.90),1.00( 0.29),0.0012(-0.0013),0.0151( 0.0107),0.5459( -5.0541),0.50(  0.05),"[0, 0, 12, 40, 19, 13, 16]",Brazilian Energy
CPLE3,2026-09-28,97 (53),0.53( 0.02),0.97( 0.05),1.00( 0.90),0.0107( 0.0018),0.0156( 0.0146),1.2424( -0.6576),0.52(  0.04),"[41, 10, 0, 33, 8, 3, 3]",All Stocks
CPLE3,2026-09-28,97 (53),0.53( 0.02),0.97( 0.05),1.00( 0.90),0.0107( 0.0018),0.0156( 0.0146),1.2424( -0.6576),0.52(  0.04),"[41, 10, 0, 33, 8, 3, 3]",Stocks to buy
CPLE3,2026-09-28,97 (53),0.53( 0.02),0.97( 0.05),1.00( 0.90),0.0107( 0.0018),0.0156( 0.0146),1.2424( -0.6576),0.52(  0.04),"[41, 10, 0, 33, 8, 3, 3]",STRONG BUY
CPLE3,2026-09-28,97 (53),0.53( 0.02),0.97( 0.05),1.00( 0.90),0.0107( 0.0018),0.0156( 0.0146),1.2424( -0.6576),0.52(  0.04),"[41, 10, 0, 33, 8, 3, 3]",Energy
CPLE3,2026-09-28,97 (53),0.53( 0.02),0.97( 0.05),1.00( 0.90),0.0107( 0.0018),0.0156( 0.0146),1.2424( -0.6576),0.52(  0.04),"[41, 10, 0, 33, 8, 3, 3]",Brazilian Energy
CPLE5,2025-12-19,62 (64),-0.28(-0.58),1.00( 0.72),-1.00(-2.00),4.5774( 4.5657),6.7254( 6.7210),1.9686( -0.0314),0.65(  0.64),"[37, 14, 1, 18, 31, 0, 0]",All Stocks
CPLE5,2025-12-19,62 (64),-0.28(-0.58),1.00( 0.72),-1.00(-2.00),4.5774( 4.5657),6.7254( 6.7210),1.9686( -0.0314),0.65(  0.64),"[37, 14, 1, 18, 31, 0, 0]",Energy
CPLE5,2025-12-19,62 (64),-0.28(-0.58),1.00( 0.72),-1.00(-2.00),4.5774( 4.5657),6.7254( 6.7210),1.9686( -0.0314),0.65(  0.64),"[37, 14, 1, 18, 31, 0, 0]",Brazilian Energy
CPLE6,2025-11-07,100 (76),-0.77(-0.87),0.68( 0.58),1.00( 0.90),0.0052( 0.0019),0.0046( 0.0030),4.5407(  3.1407),0.51(  0.50),"[0, 11, 0, 39, 13, 37, 0]",All Stocks
CPLE6,2025-11-07,100 (76),-0.77(-0.87),0.68( 0.58),1.00( 0.90),0.0052( 0.0019),0.0046( 0.0030),4.5407(  3.1407),0.51(  0.50),"[0, 11, 0, 39, 13, 37, 0]",Stocks to buy
CPLE6,2025-11-07,100 (76),-0.77(-0.87),0.68( 0.58),1.00( 0.90),0.0052( 0.0019),0.0046( 0.0030),4.5407(  3.1407),0.51(  0.50),"[0, 11, 0, 39, 13, 37, 0]",STRONG BUY
CPLE6,2025-11-07,100 (76),-0.77(-0.87),0.68( 0.58),1.00( 0.90),0.0052( 0.0019),0.0046( 0.0030),4.5407(  3.1407),0.51(  0.50),"[0, 11, 0, 39, 13, 37, 0]",Energy
CPLE6,2025-11-07,100 (76),-0.77(-0.87),0.68( 0.58),1.00( 0.90),0.0052( 0.0019),0.0046( 0.0030),4.5407(  3.1407),0.51(  0.50),"[0, 11, 0, 39, 13, 37, 0]",Brazilian Energy
CRM,2026-09-28,6 (41),-0.78(-0.88),0.94(-0.05),-1.00(-1.10),-0.0006(-0.0071),0.0125(-0.0016),-5.7175(-10.6175),0.50(  0.00),"[32, 0, 0, 6, 41, 15, 6]",All Stocks
CRM,2026-09-28,6 (41),-0.78(-0.88),0.94(-0.05),-1.00(-1.10),-0.0006(-0.0071),0.0125(-0.0016),-5.7175(-10.6175),0.50(  0.00),"[32, 0, 0, 6, 41, 15, 6]",Technology
CSAN,2026-09-18,0 (25),-0.67(-0.77),0.92(-0.05),-1.00(-1.10),-0.0091(-0.0256),-0.0436(-0.0601),-0.6613( -1.9613),0.01( -0.94),"[0, 16, 0, 17, 24, 25, 18]",All Stocks
CSAN,2026-09-18,0 (25),-0.67(-0.77),0.92(-0.05),-1.00(-1.10),-0.0091(-0.0256),-0.0436(-0.0601),-0.6613( -1.9613),0.01( -0.94),"[0, 16, 0, 17, 24, 25, 18]",ADRs
CSAN3,2026-09-28,0 (36),-0.41(-0.89),-1.00(-2.00),-1.00(-1.10),0.0048(-0.0122),-0.0061(-0.0310),5.1291( -3.7709),0.28( -0.00),"[0, 0, 22, 36, 17, 0, 26]",All Stocks
CSMG3,2026-09-28,57 (57),-0.09(-0.19),1.00( 0.90),1.00( 0.90),0.0040(-0.0013),0.0084(-0.0021),2.2437(  1.1437),0.51(  0.31),"[0, 0, 1, 21, 22, 24, 32]",All Stocks
CSMG3,2026-09-28,57 (57),-0.09(-0.19),1.00( 0.90),1.00( 0.90),0.0040(-0.0013),0.0084(-0.0021),2.2437(  1.1437),0.51(  0.31),"[0, 0, 1, 21, 22, 24, 32]",Stocks to buy
DUK,2026-09-28,56 (55),0.57(-0.04),0.98( 0.02),-0.98(-1.91),0.0018( 0.0001),0.0083( 0.0028),-6.0714( -9.1714),0.53( -0.01),"[10, 10, 25, 39, 7, 8, 0]",All Stocks
DUK,2026-09-28,56 (55),0.57(-0.04),0.98( 0.02),-0.98(-1.91),0.0018( 0.0001),0.0083( 0.0028),-6.0714( -9.1714),0.53( -0.01),"[10, 10, 25, 39, 7, 8, 0]",Stocks to buy
DUK,2026-09-28,56 (55),0.57(-0.04),0.98( 0.02),-0.98(-1.91),0.0018( 0.0001),0.0083( 0.0028),-6.0714( -9.1714),0.53( -0.01),"[10, 10, 25, 39, 7, 8, 0]",American stocks
DUK,2026-09-28,56 (55),0.57(-0.04),0.98( 0.02),-0.98(-1.91),0.0018( 0.0001),0.0083( 0.0028),-6.0714( -9.1714),0.53( -0.01),"[10, 10, 25, 39, 7, 8, 0]",Energy
EALT3,2026-09-28,58 (58),0.08(-0.16),0.99( 0.01),1.00( 0.90),0.0120( 0.0006),0.0119(-0.0223),2.8262(  0.1262),0.70(  0.21),"[34, 4, 0, 10, 8, 15, 28]",All Stocks
EALT3,2026-09-28,58 (58),0.08(-0.16),0.99( 0.01),1.00( 0.90),0.0120( 0.0006),0.0119(-0.0223),2.8262(  0.1262),0.70(  0.21),"[34, 4, 0, 10, 8, 15, 28]",Stocks to buy
EALT4,2026-09-28,29 (59),0.50( 0.03),0.71( 0.01),1.00( 0.90),0.0038(-0.0027),0.0070( 0.0031),-4.4525( -7.6525),0.52( -0.01),"[13, 6, 0, 22, 10, 49, 0]",All Stocks
EBR,2025-11-07,75 (81),-1.00(-1.10),-0.92(-1.02),-1.00(-1.79),-0.0011(-0.0012),-0.0004(-0.0022),6.2725(  4.9725),0.33(  0.08),"[3, 5, 4, 7, 6, 5, 70]",All Stocks
EBR,2025-11-07,75 (81),-1.00(-1.10),-0.92(-1.02),-1.00(-1.79),-0.0011(-0.0012),-0.0004(-0.0022),6.2725(  4.9725),0.33(  0.08),"[3, 5, 4, 7, 6, 5, 70]",ADRs
EBR,2025-11-07,75 (81),-1.00(-1.10),-0.92(-1.02),-1.00(-1.79),-0.0011(-0.0012),-0.0004(-0.0022),6.2725(  4.9725),0.33(  0.08),"[3, 5, 4, 7, 6, 5, 70]",Energy
ELET3,2025-11-26,100 (75),0.27( 0.17),0.98( 0.01),1.00( 0.90),0.0013( 0.0012),0.0081( 0.0062),4.6523(  3.5523),1.00(  0.05),"[59, 16, 0, 5, 8, 4, 9]",All Stocks
ELET3,2025-11-26,100 (75),0.27( 0.17),0.98( 0.01),1.00( 0.90),0.0013( 0.0012),0.0081( 0.0062),4.6523(  3.5523),1.00(  0.05),"[59, 16, 0, 5, 8, 4, 9]",Stocks to buy
ELET3,2025-11-26,100 (75),0.27( 0.17),0.98( 0.01),1.00( 0.90),0.0013( 0.0012),0.0081( 0.0062),4.6523(  3.5523),1.00(  0.05),"[59, 16, 0, 5, 8, 4, 9]",STRONG BUY
ELET3,2025-11-26,100 (75),0.27( 0.17),0.98( 0.01),1.00( 0.90),0.0013( 0.0012),0.0081( 0.0062),4.6523(  3.5523),1.00(  0.05),"[59, 16, 0, 5, 8, 4, 9]",Energy
ELET3,2025-11-26,100 (75),0.27( 0.17),0.98( 0.01),1.00( 0.90),0.0013( 0.0012),0.0081( 0.0062),4.6523(  3.5523),1.00(  0.05),"[59, 16, 0, 5, 8, 4, 9]",Brazilian Energy
ELET5,2025-11-07,11 (59),0.60(-0.05),0.79(-0.05),1.00( 0.90),0.0056( 0.0012),0.0048( 0.0012),-4.9657( -9.2657),0.45( -0.01),"[6, 46, 0, 6, 5, 31, 5]",All Stocks
ELET5,2025-11-07,11 (59),0.60(-0.05),0.79(-0.05),1.00( 0.90),0.0056( 0.0012),0.0048( 0.0012),-4.9657( -9.2657),0.45( -0.01),"[6, 46, 0, 6, 5, 31, 5]",Energy
ELET5,2025-11-07,11 (59),0.60(-0.05),0.79(-0.05),1.00( 0.90),0.0056( 0.0012),0.0048( 0.0012),-4.9657( -9.2657),0.45( -0.01),"[6, 46, 0, 6, 5, 31, 5]",Brazilian Energy
ELET6,2025-11-26,84 (35),-0.71(-0.81),0.99( 0.67),1.00( 0.90),0.0076( 0.0004),-0.0033(-0.0034),3.6131(  0.2131),0.99(  0.78),"[8, 10, 6, 34, 8, 15, 18]",All Stocks
ELET6,2025-11-26,84 (35),-0.71(-0.81),0.99( 0.67),1.00( 0.90),0.0076( 0.0004),-0.0033(-0.0034),3.6131(  0.2131),0.99(  0.78),"[8, 10, 6, 34, 8, 15, 18]",Stocks to buy
ELET6,2025-11-26,84 (35),-0.71(-0.81),0.99( 0.67),1.00( 0.90),0.0076( 0.0004),-0.0033(-0.0034),3.6131(  0.2131),0.99(  0.78),"[8, 10, 6, 34, 8, 15, 18]",STRONG BUY
ELET6,2025-11-26,84 (35),-0.71(-0.81),0.99( 0.67),1.00( 0.90),0.0076( 0.0004),-0.0033(-0.0034),3.6131(  0.2131),0.99(  0.78),"[8, 10, 6, 34, 8, 15, 18]",Energy
ELET6,2025-11-26,84 (35),-0.71(-0.81),0.99( 0.67),1.00( 0.90),0.0076( 0.0004),-0.0033(-0.0034),3.6131(  0.2131),0.99(  0.78),"[8, 10, 6, 34, 8, 15, 18]",Brazilian Energy
ELP,2025-12-24,15 (39),0.32(-0.02),0.93(-0.03),-0.77(-1.12),0.0068( 0.0008),0.0065(-0.0009),-5.5512( -6.6512),0.00( -0.09),"[39, 27, 2, 15, 11, 3, 3]",All Stocks
ELP,2025-12-24,15 (39),0.32(-0.02),0.93(-0.03),-0.77(-1.12),0.0068( 0.0008),0.0065(-0.0009),-5.5512( -6.6512),0.00( -0.09),"[39, 27, 2, 15, 11, 3, 3]",ADRs
ELP,2025-12-24,15 (39),0.32(-0.02),0.93(-0.03),-0.77(-1.12),0.0068( 0.0008),0.0065(-0.0009),-5.5512( -6.6512),0.00( -0.09),"[39, 27, 2, 15, 11, 3, 3]",Energy
ENEV3,2026-09-28,63 (59),0.83( 0.15),-0.80(-1.62),-0.99(-1.09),0.0052(-0.0006),-0.0011(-0.0016),5.7317(  4.6317),0.43(  0.42),"[59, 5, 3, 25, 4, 4, 0]",All Stocks
ENEV3,2026-09-28,63 (59),0.83( 0.15),-0.80(-1.62),-0.99(-1.09),0.0052(-0.0006),-0.0011(-0.0016),5.7317(  4.6317),0.43(  0.42),"[59, 5, 3, 25, 4, 4, 0]",Stocks to buy
ENEV3,2026-09-28,63 (59),0.83( 0.15),-0.80(-1.62),-0.99(-1.09),0.0052(-0.0006),-0.0011(-0.0016),5.7317(  4.6317),0.43(  0.42),"[59, 5, 3, 25, 4, 4, 0]",Energy
ENEV3,2026-09-28,63 (59),0.83( 0.15),-0.80(-1.62),-0.99(-1.09),0.0052(-0.0006),-0.0011(-0.0016),5.7317(  4.6317),0.43(  0.42),"[59, 5, 3, 25, 4, 4, 0]",Brazilian Energy
EQTL3,2026-09-28,14 (72),0.26( 0.16),1.00( 0.90),-1.00(-1.10),0.0004(-0.0048),0.0044(-0.0059),5.1626(  2.7626),0.92(  0.91),"[0, 0, 0, 72, 14, 14, 0]",All Stocks
EQTL3,2026-09-28,14 (72),0.26( 0.16),1.00( 0.90),-1.00(-1.10),0.0004(-0.0048),0.0044(-0.0059),5.1626(  2.7626),0.92(  0.91),"[0, 0, 0, 72, 14, 14, 0]",Energy
EQTL3,2026-09-28,14 (72),0.26( 0.16),1.00( 0.90),-1.00(-1.10),0.0004(-0.0048),0.0044(-0.0059),5.1626(  2.7626),0.92(  0.91),"[0, 0, 0, 72, 14, 14, 0]",Brazilian Energy
EWZ,2026-09-28,40 (39),0.78( 0.07),-0.94(-1.04),0.80( 0.43),0.0045( 0.0018),-0.0074(-0.0101),-0.3965( -4.9965),0.40(  0.39),"[23, 0, 1, 17, 38, 22, 0]",All Stocks
EWZ,2026-09-28,40 (39),0.78( 0.07),-0.94(-1.04),0.80( 0.43),0.0045( 0.0018),-0.0074(-0.0101),-0.3965( -4.9965),0.40(  0.39),"[23, 0, 1, 17, 38, 22, 0]",Stocks to buy
EWZ,2026-09-28,40 (39),0.78( 0.07),-0.94(-1.04),0.80( 0.43),0.0045( 0.0018),-0.0074(-0.0101),-0.3965( -4.9965),0.40(  0.39),"[23, 0, 1, 17, 38, 22, 0]",Indexes
EWZ,2026-09-28,40 (39),0.78( 0.07),-0.94(-1.04),0.80( 0.43),0.0045( 0.0018),-0.0074(-0.0101),-0.3965( -4.9965),0.40(  0.39),"[23, 0, 1, 17, 38, 22, 0]",Brazilian Indexes
FBZ,2026-09-28,0 (10),-0.32(-0.42),0.29(-0.00),0.19(-0.01),-0.0022(-0.0023),-0.0014(-0.0020),-2.9647( -8.2647),0.40( -0.03),"[0, 0, 0, 0, 0, 0, 0]",All Stocks
FBZ,2026-09-28,0 (10),-0.32(-0.42),0.29(-0.00),0.19(-0.01),-0.0022(-0.0023),-0.0014(-0.0020),-2.9647( -8.2647),0.40( -0.03),"[0, 0, 0, 0, 0, 0, 0]",Indexes
FBZ,2026-09-28,0 (10),-0.32(-0.42),0.29(-0.00),0.19(-0.01),-0.0022(-0.0023),-0.0014(-0.0020),-2.9647( -8.2647),0.40( -0.03),"[0, 0, 0, 0, 0, 0, 0]",Brazilian Indexes
FLBR,2026-09-28,0 (67),-1.00(-1.13),0.59(-0.35),-1.00(-1.10),-0.0019(-0.0023),-0.0060(-0.0087),1.1203( -2.2797),0.09( -0.51),"[1, 1, 2, 24, 17, 25, 30]",All Stocks
FLBR,2026-09-28,0 (67),-1.00(-1.13),0.59(-0.35),-1.00(-1.10),-0.0019(-0.0023),-0.0060(-0.0087),1.1203( -2.2797),0.09( -0.51),"[1, 1, 2, 24, 17, 25, 30]",Indexes
FLBR,2026-09-28,0 (67),-1.00(-1.13),0.59(-0.35),-1.00(-1.10),-0.0019(-0.0023),-0.0060(-0.0087),1.1203( -2.2797),0.09( -0.51),"[1, 1, 2, 24, 17, 25, 30]",Brazilian Indexes
GGBR3,2026-09-28,42 (29),0.60( 0.50),1.00( 0.90),-1.00(-1.10),0.0076( 0.0072),0.0076( 0.0043),-2.0580( -3.7580),0.05( -0.57),"[0, 0, 0, 13, 29, 29, 29]",All Stocks
GGBR3,2026-09-28,42 (29),0.60( 0.50),1.00( 0.90),-1.00(-1.10),0.0076( 0.0072),0.0076( 0.0043),-2.0580( -3.7580),0.05( -0.57),"[0, 0, 0, 13, 29, 29, 29]",Stocks to buy
GGBR4,2026-09-28,3 (49),-0.58(-0.68),-0.56(-1.02),-1.00(-1.10),0.0065( 0.0062),0.0065( 0.0060),-4.5021( -5.5021),0.02( -0.45),"[0, 2, 1, 2, 1, 47, 46]",All Stocks
GOAU3,2026-09-28,100 (56),-0.46(-0.56),1.00( 0.90),-1.00(-1.10),0.0088( 0.0087),0.0359( 0.0304),4.7869(  3.7869),0.80(  0.21),"[0, 0, 0, 4, 56, 4, 36]",All Stocks
GOAU3,2026-09-28,100 (56),-0.46(-0.56),1.00( 0.90),-1.00(-1.10),0.0088( 0.0087),0.0359( 0.0304),4.7869(  3.7869),0.80(  0.21),"[0, 0, 0, 4, 56, 4, 36]",Stocks to buy
GOAU3,2026-09-28,100 (56),-0.46(-0.56),1.00( 0.90),-1.00(-1.10),0.0088( 0.0087),0.0359( 0.0304),4.7869(  3.7869),0.80(  0.21),"[0, 0, 0, 4, 56, 4, 36]",STRONG BUY
GOAU4,2026-09-28,60 (50),-0.27(-0.37),0.64( 0.31),1.00( 0.89),-0.0028(-0.0038),0.0123( 0.0106),-2.1963( -3.7963),0.17(  0.02),"[0, 6, 3, 5, 5, 36, 46]",All Stocks
GOAU4,2026-09-28,60 (50),-0.27(-0.37),0.64( 0.31),1.00( 0.89),-0.0028(-0.0038),0.0123( 0.0106),-2.1963( -3.7963),0.17(  0.02),"[0, 6, 3, 5, 5, 36, 46]",Stocks to buy
GOOG,2026-09-28,97 (50),-0.86(-0.96),1.00( 0.90),1.00( 0.90),0.0127( 0.0126),0.0130( 0.0066),1.5998( -1.9002),0.71(  0.69),"[0, 0, 0, 50, 46, 3, 1]",All Stocks
GOOG,2026-09-28,97 (50),-0.86(-0.96),1.00( 0.90),1.00( 0.90),0.0127( 0.0126),0.0130( 0.0066),1.5998( -1.9002),0.71(  0.69),"[0, 0, 0, 50, 46, 3, 1]",Stocks to buy
GOOG,2026-09-28,97 (50),-0.86(-0.96),1.00( 0.90),1.00( 0.90),0.0127( 0.0126),0.0130( 0.0066),1.5998( -1.9002),0.71(  0.69),"[0, 0, 0, 50, 46, 3, 1]",STRONG BUY
GOOG,2026-09-28,97 (50),-0.86(-0.96),1.00( 0.90),1.00( 0.90),0.0127( 0.0126),0.0130( 0.0066),1.5998( -1.9002),0.71(  0.69),"[0, 0, 0, 50, 46, 3, 1]",American stocks
GOOG,2026-09-28,97 (50),-0.86(-0.96),1.00( 0.90),1.00( 0.90),0.0127( 0.0126),0.0130( 0.0066),1.5998( -1.9002),0.71(  0.69),"[0, 0, 0, 50, 46, 3, 1]",Technology
GOOGL,2026-09-28,53 (43),0.05(-0.06),1.00( 0.90),0.16(-0.50),0.0084( 0.0027),0.0134( 0.0022),1.7960( -2.8040),0.44(  0.00),"[3, 0, 41, 42, 10, 3, 1]",All Stocks
GOOGL,2026-09-28,53 (43),0.05(-0.06),1.00( 0.90),0.16(-0.50),0.0084( 0.0027),0.0134( 0.0022),1.7960( -2.8040),0.44(  0.00),"[3, 0, 41, 42, 10, 3, 1]",Stocks to buy
GOOGL,2026-09-28,53 (43),0.05(-0.06),1.00( 0.90),0.16(-0.50),0.0084( 0.0027),0.0134( 0.0022),1.7960( -2.8040),0.44(  0.00),"[3, 0, 41, 42, 10, 3, 1]",American stocks
GOOGL,2026-09-28,53 (43),0.05(-0.06),1.00( 0.90),0.16(-0.50),0.0084( 0.0027),0.0134( 0.0022),1.7960( -2.8040),0.44(  0.00),"[3, 0, 41, 42, 10, 3, 1]",Technology
GS,2026-09-28,14 (86),1.00( 0.07),1.00( 0.90),1.00( 0.90),-0.0005(-0.0019),0.0036( 0.0026),-3.4637( -4.4637),0.46(  0.45),"[14, 0, 0, 86, 0, 0, 0]",All Stocks
GS,2026-09-28,14 (86),1.00( 0.07),1.00( 0.90),1.00( 0.90),-0.0005(-0.0019),0.0036( 0.0026),-3.4637( -4.4637),0.46(  0.45),"[14, 0, 0, 86, 0, 0, 0]",Finance
HSBC,2026-09-28,76 (45),-0.26(-0.36),-0.88(-1.63),1.00( 0.90),0.0029( 0.0025),-0.0022(-0.0026),-4.8188(-10.1188),0.00( -0.01),"[0, 9, 36, 40, 8, 4, 4]",All Stocks
HSBC,2026-09-28,76 (45),-0.26(-0.36),-0.88(-1.63),1.00( 0.90),0.0029( 0.0025),-0.0022(-0.0026),-4.8188(-10.1188),0.00( -0.01),"[0, 9, 36, 40, 8, 4, 4]",Stocks to buy
HSBC,2026-09-28,76 (45),-0.26(-0.36),-0.88(-1.63),1.00( 0.90),0.0029( 0.0025),-0.0022(-0.0026),-4.8188(-10.1188),0.00( -0.01),"[0, 9, 36, 40, 8, 4, 4]",STRONG BUY
HSBC,2026-09-28,76 (45),-0.26(-0.36),-0.88(-1.63),1.00( 0.90),0.0029( 0.0025),-0.0022(-0.0026),-4.8188(-10.1188),0.00( -0.01),"[0, 9, 36, 40, 8, 4, 4]",American stocks
HSBC,2026-09-28,76 (45),-0.26(-0.36),-0.88(-1.63),1.00( 0.90),0.0029( 0.0025),-0.0022(-0.0026),-4.8188(-10.1188),0.00( -0.01),"[0, 9, 36, 40, 8, 4, 4]",Finance
HYPE3,2026-09-28,53 (86),-1.00(-1.10),-1.00(-1.10),-1.00(-1.10),0.0053( 0.0046),0.0035( 0.0009),7.7792( -0.2208),1.00(  0.66),"[0, 0, 0, 14, 8, 47, 31]",All Stocks
INTC,2026-09-28,82 (79),-1.00(-1.10),-1.00(-1.10),-1.00(-1.10),-0.0062(-0.0063),0.0102( 0.0058),6.7327(  1.6327),0.38(  0.09),"[0, 0, 0, 18, 74, 4, 4]",All Stocks
INTC,2026-09-28,82 (79),-1.00(-1.10),-1.00(-1.10),-1.00(-1.10),-0.0062(-0.0063),0.0102( 0.0058),6.7327(  1.6327),0.38(  0.09),"[0, 0, 0, 18, 74, 4, 4]",Stocks to buy
INTC,2026-09-28,82 (79),-1.00(-1.10),-1.00(-1.10),-1.00(-1.10),-0.0062(-0.0063),0.0102( 0.0058),6.7327(  1.6327),0.38(  0.09),"[0, 0, 0, 18, 74, 4, 4]",STRONG BUY
INTC,2026-09-28,82 (79),-1.00(-1.10),-1.00(-1.10),-1.00(-1.10),-0.0062(-0.0063),0.0102( 0.0058),6.7327(  1.6327),0.38(  0.09),"[0, 0, 0, 18, 74, 4, 4]",American stocks
INTC,2026-09-28,82 (79),-1.00(-1.10),-1.00(-1.10),-1.00(-1.10),-0.0062(-0.0063),0.0102( 0.0058),6.7327(  1.6327),0.38(  0.09),"[0, 0, 0, 18, 74, 4, 4]",Technology
IRBR3,2026-09-28,44 (27),-1.00(-1.13),0.38( 0.25),0.07(-0.22),-0.0088(-0.0222),-0.0206(-0.0228),4.2047(  3.0047),0.54(  0.02),"[0, 24, 26, 26, 4, 5, 15]",All Stocks
IRBR3,2026-09-28,44 (27),-1.00(-1.13),0.38( 0.25),0.07(-0.22),-0.0088(-0.0222),-0.0206(-0.0228),4.2047(  3.0047),0.54(  0.02),"[0, 24, 26, 26, 4, 5, 15]",Stocks to buy
ITSA3,2026-09-28,96 (68),-0.27(-0.37),0.99( 0.01),-1.00(-1.10),0.0030( 0.0024),0.0139( 0.0107),2.0287( -0.6713),0.46(  0.01),"[2, 30, 0, 32, 2, 3, 31]",All Stocks
ITSA3,2026-09-28,96 (68),-0.27(-0.37),0.99( 0.01),-1.00(-1.10),0.0030( 0.0024),0.0139( 0.0107),2.0287( -0.6713),0.46(  0.01),"[2, 30, 0, 32, 2, 3, 31]",Stocks to buy
ITSA3,2026-09-28,96 (68),-0.27(-0.37),0.99( 0.01),-1.00(-1.10),0.0030( 0.0024),0.0139( 0.0107),2.0287( -0.6713),0.46(  0.01),"[2, 30, 0, 32, 2, 3, 31]",STRONG BUY
ITSA3,2026-09-28,96 (68),-0.27(-0.37),0.99( 0.01),-1.00(-1.10),0.0030( 0.0024),0.0139( 0.0107),2.0287( -0.6713),0.46(  0.01),"[2, 30, 0, 32, 2, 3, 31]",Finance
ITSA3,2026-09-28,96 (68),-0.27(-0.37),0.99( 0.01),-1.00(-1.10),0.0030( 0.0024),0.0139( 0.0107),2.0287( -0.6713),0.46(  0.01),"[2, 30, 0, 32, 2, 3, 31]",Brazilian Finance
ITSA4,2026-09-28,94 (63),-0.04(-0.66),-0.98(-1.66),0.95( 0.72),0.0039( 0.0033),0.0443( 0.0396),2.7406(  0.3406),0.38(  0.35),"[0, 6, 1, 3, 3, 31, 55]",All Stocks
ITSA4,2026-09-28,94 (63),-0.04(-0.66),-0.98(-1.66),0.95( 0.72),0.0039( 0.0033),0.0443( 0.0396),2.7406(  0.3406),0.38(  0.35),"[0, 6, 1, 3, 3, 31, 55]",Stocks to buy
ITSA4,2026-09-28,94 (63),-0.04(-0.66),-0.98(-1.66),0.95( 0.72),0.0039( 0.0033),0.0443( 0.0396),2.7406(  0.3406),0.38(  0.35),"[0, 6, 1, 3, 3, 31, 55]",STRONG BUY
ITSA4,2026-09-28,94 (63),-0.04(-0.66),-0.98(-1.66),0.95( 0.72),0.0039( 0.0033),0.0443( 0.0396),2.7406(  0.3406),0.38(  0.35),"[0, 6, 1, 3, 3, 31, 55]",Finance
ITSA4,2026-09-28,94 (63),-0.04(-0.66),-0.98(-1.66),0.95( 0.72),0.0039( 0.0033),0.0443( 0.0396),2.7406(  0.3406),0.38(  0.35),"[0, 6, 1, 3, 3, 31, 55]",Brazilian Finance
ITUB,2026-09-28,36 (42),-0.54(-0.64),0.99( 0.89),1.00( 0.90),0.0026( 0.0009),-0.0033(-0.0138),0.4793( -3.3207),0.41(  0.04),"[0, 0, 0, 26, 32, 31, 10]",All Stocks
ITUB,2026-09-28,36 (42),-0.54(-0.64),0.99( 0.89),1.00( 0.90),0.0026( 0.0009),-0.0033(-0.0138),0.4793( -3.3207),0.41(  0.04),"[0, 0, 0, 26, 32, 31, 10]",Brazilian biggest stocks
ITUB,2026-09-28,36 (42),-0.54(-0.64),0.99( 0.89),1.00( 0.90),0.0026( 0.0009),-0.0033(-0.0138),0.4793( -3.3207),0.41(  0.04),"[0, 0, 0, 26, 32, 31, 10]",ADRs
ITUB,2026-09-28,36 (42),-0.54(-0.64),0.99( 0.89),1.00( 0.90),0.0026( 0.0009),-0.0033(-0.0138),0.4793( -3.3207),0.41(  0.04),"[0, 0, 0, 26, 32, 31, 10]",Finance
ITUB,2026-09-28,36 (42),-0.54(-0.64),0.99( 0.89),1.00( 0.90),0.0026( 0.0009),-0.0033(-0.0138),0.4793( -3.3207),0.41(  0.04),"[0, 0, 0, 26, 32, 31, 10]",Brazilian Finance
ITUB4,2026-09-28,58 (43),0.59( 0.48),-0.98(-1.08),-1.00(-1.10),0.0074( 0.0068),0.0081( 0.0080),1.7441( -2.4559),0.41(  0.00),"[13, 0, 0, 1, 1, 42, 43]",All Stocks
ITUB4,2026-09-28,58 (43),0.59( 0.48),-0.98(-1.08),-1.00(-1.10),0.0074( 0.0068),0.0081( 0.0080),1.7441( -2.4559),0.41(  0.00),"[13, 0, 0, 1, 1, 42, 43]",Stocks to buy
ITUB4,2026-09-28,58 (43),0.59( 0.48),-0.98(-1.08),-1.00(-1.10),0.0074( 0.0068),0.0081( 0.0080),1.7441( -2.4559),0.41(  0.00),"[13, 0, 0, 1, 1, 42, 43]",Brazilian biggest stocks
ITUB4,2026-09-28,58 (43),0.59( 0.48),-0.98(-1.08),-1.00(-1.10),0.0074( 0.0068),0.0081( 0.0080),1.7441( -2.4559),0.41(  0.00),"[13, 0, 0, 1, 1, 42, 43]",Finance
ITUB4,2026-09-28,58 (43),0.59( 0.48),-0.98(-1.08),-1.00(-1.10),0.0074( 0.0068),0.0081( 0.0080),1.7441( -2.4559),0.41(  0.00),"[13, 0, 0, 1, 1, 42, 43]",Brazilian Finance
IVVB1,2026-09-28,34 (52),0.27(-0.24),0.54(-0.01),-1.00(-1.10),-0.0004(-0.0007),0.0032( 0.0016),5.4200(  1.1200),0.07( -0.01),"[36, 25, 0, 4, 9, 24, 3]",All Stocks
IVVB1,2026-09-28,34 (52),0.27(-0.24),0.54(-0.01),-1.00(-1.10),-0.0004(-0.0007),0.0032( 0.0016),5.4200(  1.1200),0.07( -0.01),"[36, 25, 0, 4, 9, 24, 3]",Indexes
JNJ,2026-09-28,98 (52),-1.00(-1.10),-0.96(-1.06),1.00( 0.90),0.0026( 0.0016),0.0024( 0.0022),2.3649(  1.1649),0.44(  0.43),"[2, 0, 0, 43, 52, 4, 0]",All Stocks
JNJ,2026-09-28,98 (52),-1.00(-1.10),-0.96(-1.06),1.00( 0.90),0.0026( 0.0016),0.0024( 0.0022),2.3649(  1.1649),0.44(  0.43),"[2, 0, 0, 43, 52, 4, 0]",Stocks to buy
JNJ,2026-09-28,98 (52),-1.00(-1.10),-0.96(-1.06),1.00( 0.90),0.0026( 0.0016),0.0024( 0.0022),2.3649(  1.1649),0.44(  0.43),"[2, 0, 0, 43, 52, 4, 0]",STRONG BUY
JNJ,2026-09-28,98 (52),-1.00(-1.10),-0.96(-1.06),1.00( 0.90),0.0026( 0.0016),0.0024( 0.0022),2.3649(  1.1649),0.44(  0.43),"[2, 0, 0, 43, 52, 4, 0]",American stocks
JNJ,2026-09-28,98 (52),-1.00(-1.10),-0.96(-1.06),1.00( 0.90),0.0026( 0.0016),0.0024( 0.0022),2.3649(  1.1649),0.44(  0.43),"[2, 0, 0, 43, 52, 4, 0]",Health
JPM,2026-09-28,60 (34),0.28( 0.12),0.96( 0.01),0.52(-0.36),0.0042( 0.0024),0.0120( 0.0038),-5.3255(-11.1255),0.01( -0.95),"[2, 1, 5, 25, 32, 19, 15]",All Stocks
JPM,2026-09-28,60 (34),0.28( 0.12),0.96( 0.01),0.52(-0.36),0.0042( 0.0024),0.0120( 0.0038),-5.3255(-11.1255),0.01( -0.95),"[2, 1, 5, 25, 32, 19, 15]",Stocks to buy
JPM,2026-09-28,60 (34),0.28( 0.12),0.96( 0.01),0.52(-0.36),0.0042( 0.0024),0.0120( 0.0038),-5.3255(-11.1255),0.01( -0.95),"[2, 1, 5, 25, 32, 19, 15]",American stocks
JPM,2026-09-28,60 (34),0.28( 0.12),0.96( 0.01),0.52(-0.36),0.0042( 0.0024),0.0120( 0.0038),-5.3255(-11.1255),0.01( -0.95),"[2, 1, 5, 25, 32, 19, 15]",Finance
KLBN1,2026-09-28,34 (35),-0.15(-0.26),0.98( 0.00),1.00( 0.00),0.0043( 0.0041),0.0028( 0.0015),-5.0752( -8.3752),0.02( -0.66),"[22, 25, 5, 0, 3, 22, 22]",All Stocks
KLBN3,2026-09-28,7 (86),0.47(-0.04),0.95(-0.03),1.00( 0.03),-0.0029(-0.0035),0.0012(-0.0127),-5.4896(-10.2896),0.35(  0.34),"[29, 22, 7, 8, 22, 12, 0]",All Stocks
KLBN4,2026-09-28,57 (57),0.29( 0.11),1.00( 0.90),1.00( 0.90),0.0035( 0.0015),0.0027(-0.0077),-3.0438( -4.0438),0.52(  0.08),"[43, 0, 0, 10, 4, 39, 3]",All Stocks
KLBN4,2026-09-28,57 (57),0.29( 0.11),1.00( 0.90),1.00( 0.90),0.0035( 0.0015),0.0027(-0.0077),-3.0438( -4.0438),0.52(  0.08),"[43, 0, 0, 10, 4, 39, 3]",Stocks to buy
KO,2026-09-28,91 (52),-0.45(-0.55),-0.43(-0.69),-1.00(-1.20),0.0017( 0.0015),0.0047( 0.0024),1.2673( -5.3327),0.52(  0.10),"[0, 3, 3, 2, 36, 4, 52]",All Stocks
KO,2026-09-28,91 (52),-0.45(-0.55),-0.43(-0.69),-1.00(-1.20),0.0017( 0.0015),0.0047( 0.0024),1.2673( -5.3327),0.52(  0.10),"[0, 3, 3, 2, 36, 4, 52]",Stocks to buy
KO,2026-09-28,91 (52),-0.45(-0.55),-0.43(-0.69),-1.00(-1.20),0.0017( 0.0015),0.0047( 0.0024),1.2673( -5.3327),0.52(  0.10),"[0, 3, 3, 2, 36, 4, 52]",STRONG BUY
KO,2026-09-28,91 (52),-0.45(-0.55),-0.43(-0.69),-1.00(-1.20),0.0017( 0.0015),0.0047( 0.0024),1.2673( -5.3327),0.52(  0.10),"[0, 3, 3, 2, 36, 4, 52]",American stocks
KO,2026-09-28,91 (52),-0.45(-0.55),-0.43(-0.69),-1.00(-1.20),0.0017( 0.0015),0.0047( 0.0024),1.2673( -5.3327),0.52(  0.10),"[0, 3, 3, 2, 36, 4, 52]",Consumer Goods
LEVE3,2026-09-28,61 (61),-0.04(-0.14),1.00( 0.90),1.00( 0.90),-0.0002(-0.0011),0.0003( 0.0001),1.4236( -1.4764),0.38(  0.01),"[0, 0, 0, 24, 22, 15, 38]",All Stocks
LEVE3,2026-09-28,61 (61),-0.04(-0.14),1.00( 0.90),1.00( 0.90),-0.0002(-0.0011),0.0003( 0.0001),1.4236( -1.4764),0.38(  0.01),"[0, 0, 0, 24, 22, 15, 38]",Stocks to buy
LLY,2026-09-28,100 (47),1.00( 0.05),1.00( 0.90),1.00( 0.90),0.0022( 0.0007),0.0138( 0.0100),6.5560(  0.3560),0.85(  0.83),"[27, 0, 0, 28, 2, 24, 18]",All Stocks
LLY,2026-09-28,100 (47),1.00( 0.05),1.00( 0.90),1.00( 0.90),0.0022( 0.0007),0.0138( 0.0100),6.5560(  0.3560),0.85(  0.83),"[27, 0, 0, 28, 2, 24, 18]",Stocks to buy
LLY,2026-09-28,100 (47),1.00( 0.05),1.00( 0.90),1.00( 0.90),0.0022( 0.0007),0.0138( 0.0100),6.5560(  0.3560),0.85(  0.83),"[27, 0, 0, 28, 2, 24, 18]",STRONG BUY
LLY,2026-09-28,100 (47),1.00( 0.05),1.00( 0.90),1.00( 0.90),0.0022( 0.0007),0.0138( 0.0100),6.5560(  0.3560),0.85(  0.83),"[27, 0, 0, 28, 2, 24, 18]",American stocks
LLY,2026-09-28,100 (47),1.00( 0.05),1.00( 0.90),1.00( 0.90),0.0022( 0.0007),0.0138( 0.0100),6.5560(  0.3560),0.85(  0.83),"[27, 0, 0, 28, 2, 24, 18]",Health
MA,2026-09-28,1 (35),0.48(-0.08),0.06(-0.67),1.00( 0.90),0.0005(-0.0082),0.0081(-0.0158),-0.8089( -9.8089),0.54(  0.00),"[26, 0, 0, 20, 18, 35, 1]",All Stocks
MA,2026-09-28,1 (35),0.48(-0.08),0.06(-0.67),1.00( 0.90),0.0005(-0.0082),0.0081(-0.0158),-0.8089( -9.8089),0.54(  0.00),"[26, 0, 0, 20, 18, 35, 1]",Finance
META,2026-09-28,82 (80),0.83( 0.11),0.96( 0.04),1.00( 0.90),0.0089( 0.0062),0.0345(-0.0001),5.8932( -0.2068),0.99( -0.01),"[18, 42, 0, 21, 0, 18, 0]",All Stocks
META,2026-09-28,82 (80),0.83( 0.11),0.96( 0.04),1.00( 0.90),0.0089( 0.0062),0.0345(-0.0001),5.8932( -0.2068),0.99( -0.01),"[18, 42, 0, 21, 0, 18, 0]",Stocks to buy
META,2026-09-28,82 (80),0.83( 0.11),0.96( 0.04),1.00( 0.90),0.0089( 0.0062),0.0345(-0.0001),5.8932( -0.2068),0.99( -0.01),"[18, 42, 0, 21, 0, 18, 0]",STRONG BUY
META,2026-09-28,82 (80),0.83( 0.11),0.96( 0.04),1.00( 0.90),0.0089( 0.0062),0.0345(-0.0001),5.8932( -0.2068),0.99( -0.01),"[18, 42, 0, 21, 0, 18, 0]",American stocks
META,2026-09-28,82 (80),0.83( 0.11),0.96( 0.04),1.00( 0.90),0.0089( 0.0062),0.0345(-0.0001),5.8932( -0.2068),0.99( -0.01),"[18, 42, 0, 21, 0, 18, 0]",Technology
META,2026-09-28,82 (80),0.83( 0.11),0.96( 0.04),1.00( 0.90),0.0089( 0.0062),0.0345(-0.0001),5.8932( -0.2068),0.99( -0.01),"[18, 42, 0, 21, 0, 18, 0]",Consumer Goods
MGLU3,2026-09-28,5 (95),1.00( 0.00),0.99(-0.01),-1.00(-1.10),0.0075(-0.0046),0.0453(-0.0095),6.4648( -0.5352),0.99( -0.01),"[5, 0, 0, 0, 0, 95, 0]",All Stocks
MGLU3,2026-09-28,5 (95),1.00( 0.00),0.99(-0.01),-1.00(-1.10),0.0075(-0.0046),0.0453(-0.0095),6.4648( -0.5352),0.99( -0.01),"[5, 0, 0, 0, 0, 95, 0]",Consumer Goods
MMM,2026-09-28,0 (100),-1.00(-1.10),-0.88(-1.88),-1.00(-1.10),0.0026(-0.0000),0.0030(-0.0019),6.9297( -1.0703),0.96(  0.83),"[0, 0, 0, 100, 0, 0, 0]",All Stocks
MSFT,2026-09-28,41 (77),0.29(-0.23),0.96( 0.08),1.00( 0.79),0.0046(-0.0040),-0.0048(-0.0285),2.7705(  1.7705),0.51( -0.05),"[29, 0, 24, 30, 0, 17, 0]",All Stocks
MSFT,2026-09-28,41 (77),0.29(-0.23),0.96( 0.08),1.00( 0.79),0.0046(-0.0040),-0.0048(-0.0285),2.7705(  1.7705),0.51( -0.05),"[29, 0, 24, 30, 0, 17, 0]",Technology
NEOE3,2026-07-03,84 (26),-1.00(-1.10),1.00( 0.90),1.00( 0.90),0.0178( 0.0166),-0.0124(-0.0161),1.1979(  0.0979),0.01(  0.00),"[0, 15, 15, 15, 16, 26, 13]",All Stocks
NEOE3,2026-07-03,84 (26),-1.00(-1.10),1.00( 0.90),1.00( 0.90),0.0178( 0.0166),-0.0124(-0.0161),1.1979(  0.0979),0.01(  0.00),"[0, 15, 15, 15, 16, 26, 13]",Stocks to buy
NEOE3,2026-07-03,84 (26),-1.00(-1.10),1.00( 0.90),1.00( 0.90),0.0178( 0.0166),-0.0124(-0.0161),1.1979(  0.0979),0.01(  0.00),"[0, 15, 15, 15, 16, 26, 13]",STRONG BUY
NEOE3,2026-07-03,84 (26),-1.00(-1.10),1.00( 0.90),1.00( 0.90),0.0178( 0.0166),-0.0124(-0.0161),1.1979(  0.0979),0.01(  0.00),"[0, 15, 15, 15, 16, 26, 13]",Energy
NEOE3,2026-07-03,84 (26),-1.00(-1.10),1.00( 0.90),1.00( 0.90),0.0178( 0.0166),-0.0124(-0.0161),1.1979(  0.0979),0.01(  0.00),"[0, 15, 15, 15, 16, 26, 13]",Brazilian Energy
NFLX,2026-09-28,51 (51),0.67( 0.00),0.67(-0.33),-1.00(-2.00),0.0045(-0.0045),0.0145(-0.0430),-6.1599(-12.1599),0.01( -0.99),"[51, 0, 0, 0, 0, 49, 0]",All Stocks
NFLX,2026-09-28,51 (51),0.67( 0.00),0.67(-0.33),-1.00(-2.00),0.0045(-0.0045),0.0145(-0.0430),-6.1599(-12.1599),0.01( -0.99),"[51, 0, 0, 0, 0, 49, 0]",Stocks to buy
NFLX,2026-09-28,51 (51),0.67( 0.00),0.67(-0.33),-1.00(-2.00),0.0045(-0.0045),0.0145(-0.0430),-6.1599(-12.1599),0.01( -0.99),"[51, 0, 0, 0, 0, 49, 0]",American stocks
NFLX,2026-09-28,51 (51),0.67( 0.00),0.67(-0.33),-1.00(-2.00),0.0045(-0.0045),0.0145(-0.0430),-6.1599(-12.1599),0.01( -0.99),"[51, 0, 0, 0, 0, 49, 0]",Technology
NU,2026-09-28,0 (69),-0.34(-0.44),-0.89(-1.21),-1.00(-1.87),-0.0088(-0.0433),-0.0068(-0.0334),-0.7971( -4.3971),0.33( -0.06),"[0, 0, 4, 28, 22, 27, 19]",All Stocks
NU,2026-09-28,0 (69),-0.34(-0.44),-0.89(-1.21),-1.00(-1.87),-0.0088(-0.0433),-0.0068(-0.0334),-0.7971( -4.3971),0.33( -0.06),"[0, 0, 4, 28, 22, 27, 19]",ADRs
NU,2026-09-28,0 (69),-0.34(-0.44),-0.89(-1.21),-1.00(-1.87),-0.0088(-0.0433),-0.0068(-0.0334),-0.7971( -4.3971),0.33( -0.06),"[0, 0, 4, 28, 22, 27, 19]",Finance
NU,2026-09-28,0 (69),-0.34(-0.44),-0.89(-1.21),-1.00(-1.87),-0.0088(-0.0433),-0.0068(-0.0334),-0.7971( -4.3971),0.33( -0.06),"[0, 0, 4, 28, 22, 27, 19]",Brazilian Finance
NVDA,2026-09-28,41 (42),0.66(-0.01),-1.00(-1.10),1.00( 0.90),0.0070(-0.0009),0.0105( 0.0071),6.5306(  1.2306),0.63( -0.35),"[42, 0, 0, 12, 41, 0, 5]",All Stocks
NVDA,2026-09-28,41 (42),0.66(-0.01),-1.00(-1.10),1.00( 0.90),0.0070(-0.0009),0.0105( 0.0071),6.5306(  1.2306),0.63( -0.35),"[42, 0, 0, 12, 41, 0, 5]",Technology
PBR,2026-09-28,2 (82),-0.04(-0.14),-1.00(-1.22),0.71(-0.21),0.0011( 0.0010),-0.0002(-0.0041),-3.4302( -8.1302),0.52(  0.51),"[4, 4, 5, 2, 3, 82, 0]",All Stocks
PBR,2026-09-28,2 (82),-0.04(-0.14),-1.00(-1.22),0.71(-0.21),0.0011( 0.0010),-0.0002(-0.0041),-3.4302( -8.1302),0.52(  0.51),"[4, 4, 5, 2, 3, 82, 0]",Brazilian biggest stocks
PBR,2026-09-28,2 (82),-0.04(-0.14),-1.00(-1.22),0.71(-0.21),0.0011( 0.0010),-0.0002(-0.0041),-3.4302( -8.1302),0.52(  0.51),"[4, 4, 5, 2, 3, 82, 0]",ADRs
PBR-A,2026-09-28,63 (79),-0.02(-0.14),-1.00(-1.10),1.00( 0.90),0.0090( 0.0089),0.0177( 0.0081),0.1942( -2.1058),0.77(  0.08),"[3, 0, 0, 1, 22, 34, 40]",All Stocks
PBR-A,2026-09-28,63 (79),-0.02(-0.14),-1.00(-1.10),1.00( 0.90),0.0090( 0.0089),0.0177( 0.0081),0.1942( -2.1058),0.77(  0.08),"[3, 0, 0, 1, 22, 34, 40]",Brazilian biggest stocks
PBR-A,2026-09-28,63 (79),-0.02(-0.14),-1.00(-1.10),1.00( 0.90),0.0090( 0.0089),0.0177( 0.0081),0.1942( -2.1058),0.77(  0.08),"[3, 0, 0, 1, 22, 34, 40]",ADRs
PETR3,2026-09-28,42 (90),0.38( 0.03),-0.99(-1.09),-0.63(-0.73),-0.0008(-0.0015),0.0061( 0.0058),-1.1314( -7.2314),0.46(  0.31),"[14, 2, 1, 7, 2, 49, 25]",All Stocks
PETR3,2026-09-28,42 (90),0.38( 0.03),-0.99(-1.09),-0.63(-0.73),-0.0008(-0.0015),0.0061( 0.0058),-1.1314( -7.2314),0.46(  0.31),"[14, 2, 1, 7, 2, 49, 25]",Brazilian biggest stocks
PETR4,2026-09-28,25 (46),0.77( 0.02),0.88(-0.04),1.00( 0.90),-0.0002(-0.0007),-0.0067(-0.0080),-0.0315( -1.7315),0.52(  0.06),"[13, 11, 0, 20, 1, 44, 12]",All Stocks
PETR4,2026-09-28,25 (46),0.77( 0.02),0.88(-0.04),1.00( 0.90),-0.0002(-0.0007),-0.0067(-0.0080),-0.0315( -1.7315),0.52(  0.06),"[13, 11, 0, 20, 1, 44, 12]",Brazilian biggest stocks
PM,2026-09-28,66 (82),0.16( 0.04),-0.37(-0.48),1.00( 0.04),0.0074( 0.0018),0.0020( 0.0005),-0.1043( -1.2043),0.79(  0.77),"[11, 34, 0, 8, 25, 0, 22]",All Stocks
PRIO3,2026-09-28,68 (28),-0.43(-0.53),0.20(-0.14),-1.00(-1.10),0.0040( 0.0031),0.0145( 0.0007),-4.6032( -7.3032),0.42(  0.04),"[0, 4, 0, 24, 20, 28, 23]",All Stocks
PRIO3,2026-09-28,68 (28),-0.43(-0.53),0.20(-0.14),-1.00(-1.10),0.0040( 0.0031),0.0145( 0.0007),-4.6032( -7.3032),0.42(  0.04),"[0, 4, 0, 24, 20, 28, 23]",Stocks to buy
PSSA3,2026-09-28,15 (36),1.00( 0.00),1.00(-0.00),1.00( 0.90),0.0020(-0.0060),-0.0194(-0.0331),-5.8097(-12.8097),0.47(  0.02),"[8, 11, 0, 10, 29, 35, 7]",All Stocks
PSSA3,2026-09-28,15 (36),1.00( 0.00),1.00(-0.00),1.00( 0.90),0.0020(-0.0060),-0.0194(-0.0331),-5.8097(-12.8097),0.47(  0.02),"[8, 11, 0, 10, 29, 35, 7]",Consumer Goods
PYPL,2026-09-28,5 (32),-0.18(-1.08),0.56(-0.16),1.00( 0.00),0.0052(-0.0019),-0.0012(-0.0082),-2.2611( -6.0611),0.33( -0.15),"[12, 1, 5, 11, 14, 23, 32]",All Stocks
PYPL,2026-09-28,5 (32),-0.18(-1.08),0.56(-0.16),1.00( 0.00),0.0052(-0.0019),-0.0012(-0.0082),-2.2611( -6.0611),0.33( -0.15),"[12, 1, 5, 11, 14, 23, 32]",Technology
QUAL3,2026-09-28,6 (68),1.00( 0.00),0.84(-0.13),-1.00(-1.10),0.0029(-0.0097),0.0007(-0.0064),4.4129( -2.6871),0.61( -0.38),"[6, 33, 0, 0, 61, 0, 0]",All Stocks
QUAL3,2026-09-28,6 (68),1.00( 0.00),0.84(-0.13),-1.00(-1.10),0.0029(-0.0097),0.0007(-0.0064),4.4129( -2.6871),0.61( -0.38),"[6, 33, 0, 0, 61, 0, 0]",Finance
QUAL3,2026-09-28,6 (68),1.00( 0.00),0.84(-0.13),-1.00(-1.10),0.0029(-0.0097),0.0007(-0.0064),4.4129( -2.6871),0.61( -0.38),"[6, 33, 0, 0, 61, 0, 0]",Brazilian Finance
QUAL3,2026-09-28,6 (68),1.00( 0.00),0.84(-0.13),-1.00(-1.10),0.0029(-0.0097),0.0007(-0.0064),4.4129( -2.6871),0.61( -0.38),"[6, 33, 0, 0, 61, 0, 0]",Health
QUAL3,2026-09-28,6 (68),1.00( 0.00),0.84(-0.13),-1.00(-1.10),0.0029(-0.0097),0.0007(-0.0064),4.4129( -2.6871),0.61( -0.38),"[6, 33, 0, 0, 61, 0, 0]",Consumer Goods
RADL3,2026-09-28,56 (84),-0.52(-0.62),1.00(-0.00),1.00( 0.90),0.0108( 0.0078),0.0078(-0.0011),0.8374( -0.5626),0.34(  0.29),"[0, 0, 0, 16, 33, 11, 39]",All Stocks
RADL3,2026-09-28,56 (84),-0.52(-0.62),1.00(-0.00),1.00( 0.90),0.0108( 0.0078),0.0078(-0.0011),0.8374( -0.5626),0.34(  0.29),"[0, 0, 0, 16, 33, 11, 39]",Health
RAIL3,2026-09-28,2 (59),-0.09(-0.19),-1.00(-1.10),-1.00(-1.10),0.0001(-0.0018),-0.0052(-0.0066),5.9756(  0.0756),0.26( -0.12),"[0, 0, 0, 28, 39, 2, 31]",All Stocks
RAIL3,2026-09-28,2 (59),-0.09(-0.19),-1.00(-1.10),-1.00(-1.10),0.0001(-0.0018),-0.0052(-0.0066),5.9756(  0.0756),0.26( -0.12),"[0, 0, 0, 28, 39, 2, 31]",Consumer Goods
SANB1,2026-09-28,0 (57),-0.26(-0.36),-1.00(-1.10),1.00( 0.90),-0.0042(-0.0049),-0.0047(-0.0127),-6.4378( -9.2378),0.39( -0.02),"[0, 0, 0, 17, 12, 31, 39]",All Stocks
SANB1,2026-09-28,0 (57),-0.26(-0.36),-1.00(-1.10),1.00( 0.90),-0.0042(-0.0049),-0.0047(-0.0127),-6.4378( -9.2378),0.39( -0.02),"[0, 0, 0, 17, 12, 31, 39]",Finance
SANB1,2026-09-28,0 (57),-0.26(-0.36),-1.00(-1.10),1.00( 0.90),-0.0042(-0.0049),-0.0047(-0.0127),-6.4378( -9.2378),0.39( -0.02),"[0, 0, 0, 17, 12, 31, 39]",Brazilian Finance
SANB3,2026-09-28,17 (76),0.14(-0.17),0.97(-0.01),1.00( 0.00),-0.0004(-0.0014),-0.0037(-0.0059),-2.9927( -4.6927),0.20(  0.12),"[15, 4, 0, 12, 21, 32, 16]",All Stocks
SANB3,2026-09-28,17 (76),0.14(-0.17),0.97(-0.01),1.00( 0.00),-0.0004(-0.0014),-0.0037(-0.0059),-2.9927( -4.6927),0.20(  0.12),"[15, 4, 0, 12, 21, 32, 16]",Finance
SANB3,2026-09-28,17 (76),0.14(-0.17),0.97(-0.01),1.00( 0.00),-0.0004(-0.0014),-0.0037(-0.0059),-2.9927( -4.6927),0.20(  0.12),"[15, 4, 0, 12, 21, 32, 16]",Brazilian Finance
SANB4,2026-09-28,63 (72),0.47( 0.00),-1.00(-1.10),1.00( 0.90),0.0007( 0.0006),0.0016( 0.0008),-2.2615( -3.7615),0.13( -0.32),"[10, 0, 0, 21, 31, 18, 19]",All Stocks
SANB4,2026-09-28,63 (72),0.47( 0.00),-1.00(-1.10),1.00( 0.90),0.0007( 0.0006),0.0016( 0.0008),-2.2615( -3.7615),0.13( -0.32),"[10, 0, 0, 21, 31, 18, 19]",Finance
SANB4,2026-09-28,63 (72),0.47( 0.00),-1.00(-1.10),1.00( 0.90),0.0007( 0.0006),0.0016( 0.0008),-2.2615( -3.7615),0.13( -0.32),"[10, 0, 0, 21, 31, 18, 19]",Brazilian Finance
SAP,2026-09-28,9 (58),0.79(-0.16),1.00(-0.00),1.00( 0.90),0.0045(-0.0042),0.0141( 0.0033),-2.4589( -8.8589),0.51( -0.01),"[18, 0, 0, 12, 9, 58, 3]",All Stocks
SAP,2026-09-28,9 (58),0.79(-0.16),1.00(-0.00),1.00( 0.90),0.0045(-0.0042),0.0141( 0.0033),-2.4589( -8.8589),0.51( -0.01),"[18, 0, 0, 12, 9, 58, 3]",Technology
SAPR1,2026-09-28,14 (28),-0.18(-0.28),-1.00(-1.10),-1.00(-1.10),0.0079(-0.0154),0.0182( 0.0100),-0.4403( -1.9403),0.39( -0.38),"[17, 12, 12, 10, 14, 22, 14]",All Stocks
SAPR3,2026-09-28,0 (32),-0.46(-0.56),-0.96(-1.06),-1.00(-1.13),0.0059(-0.0050),0.0115(-0.0092),-0.2751( -6.6751),0.30( -0.54),"[0, 0, 0, 21, 25, 22, 32]",All Stocks
SAPR4,2026-09-28,0 (34),0.47(-0.13),-0.82(-0.92),1.00( 0.90),-0.0004(-0.0081),0.0094(-0.0004),1.7216( -5.7784),0.43( -0.01),"[17, 0, 0, 29, 19, 21, 15]",All Stocks
SBUX,2026-09-28,52 (54),0.42(-0.04),0.91(-0.03),-1.00(-1.78),0.0026( 0.0002),0.0041( 0.0004),-4.9632( -7.0632),0.46(  0.01),"[12, 8, 27, 16, 23, 1, 13]",All Stocks
SBUX,2026-09-28,52 (54),0.42(-0.04),0.91(-0.03),-1.00(-1.78),0.0026( 0.0002),0.0041( 0.0004),-4.9632( -7.0632),0.46(  0.01),"[12, 8, 27, 16, 23, 1, 13]",Consumer Goods
SIMH3,2026-09-28,23 (78),0.80( 0.44),1.00(-0.00),1.00( 0.09),-0.0023(-0.0044),-0.0043(-0.0082),6.6019(  3.3019),0.39( -0.01),"[14, 0, 0, 26, 32, 9, 19]",All Stocks
SO,2026-09-28,71 (41),0.81( 0.21),0.70( 0.39),1.00( 0.90),0.0076( 0.0028),0.0126( 0.0031),-5.1362(-11.8362),0.42( -0.02),"[13, 35, 0, 4, 20, 12, 17]",All Stocks
SO,2026-09-28,71 (41),0.81( 0.21),0.70( 0.39),1.00( 0.90),0.0076( 0.0028),0.0126( 0.0031),-5.1362(-11.8362),0.42( -0.02),"[13, 35, 0, 4, 20, 12, 17]",Stocks to buy
SO,2026-09-28,71 (41),0.81( 0.21),0.70( 0.39),1.00( 0.90),0.0076( 0.0028),0.0126( 0.0031),-5.1362(-11.8362),0.42( -0.02),"[13, 35, 0, 4, 20, 12, 17]",STRONG BUY
SO,2026-09-28,71 (41),0.81( 0.21),0.70( 0.39),1.00( 0.90),0.0076( 0.0028),0.0126( 0.0031),-5.1362(-11.8362),0.42( -0.02),"[13, 35, 0, 4, 20, 12, 17]",American stocks
SO,2026-09-28,71 (41),0.81( 0.21),0.70( 0.39),1.00( 0.90),0.0076( 0.0028),0.0126( 0.0031),-5.1362(-11.8362),0.42( -0.02),"[13, 35, 0, 4, 20, 12, 17]",Energy
TAEE1,2026-09-28,99 (38),1.00( 0.03),1.00( 0.00),1.00( 0.90),0.0061( 0.0042),0.0040( 0.0021),2.6963( -2.0037),0.40(  0.26),"[11, 9, 0, 17, 27, 1, 34]",All Stocks
TAEE1,2026-09-28,99 (38),1.00( 0.03),1.00( 0.00),1.00( 0.90),0.0061( 0.0042),0.0040( 0.0021),2.6963( -2.0037),0.40(  0.26),"[11, 9, 0, 17, 27, 1, 34]",Stocks to buy
TAEE1,2026-09-28,99 (38),1.00( 0.03),1.00( 0.00),1.00( 0.90),0.0061( 0.0042),0.0040( 0.0021),2.6963( -2.0037),0.40(  0.26),"[11, 9, 0, 17, 27, 1, 34]",STRONG BUY
TAEE1,2026-09-28,99 (38),1.00( 0.03),1.00( 0.00),1.00( 0.90),0.0061( 0.0042),0.0040( 0.0021),2.6963( -2.0037),0.40(  0.26),"[11, 9, 0, 17, 27, 1, 34]",Energy
TAEE1,2026-09-28,99 (38),1.00( 0.03),1.00( 0.00),1.00( 0.90),0.0061( 0.0042),0.0040( 0.0021),2.6963( -2.0037),0.40(  0.26),"[11, 9, 0, 17, 27, 1, 34]",Brazilian Energy
TAEE3,2026-09-28,52 (33),1.00( 0.87),0.14(-0.19),1.00( 0.90),-0.0008(-0.0009),0.0013( 0.0012),5.4999(  0.1999),0.65(  0.63),"[3, 33, 3, 16, 25, 3, 18]",All Stocks
TAEE3,2026-09-28,52 (33),1.00( 0.87),0.14(-0.19),1.00( 0.90),-0.0008(-0.0009),0.0013( 0.0012),5.4999(  0.1999),0.65(  0.63),"[3, 33, 3, 16, 25, 3, 18]",Stocks to buy
TAEE3,2026-09-28,52 (33),1.00( 0.87),0.14(-0.19),1.00( 0.90),-0.0008(-0.0009),0.0013( 0.0012),5.4999(  0.1999),0.65(  0.63),"[3, 33, 3, 16, 25, 3, 18]",Energy
TAEE3,2026-09-28,52 (33),1.00( 0.87),0.14(-0.19),1.00( 0.90),-0.0008(-0.0009),0.0013( 0.0012),5.4999(  0.1999),0.65(  0.63),"[3, 33, 3, 16, 25, 3, 18]",Brazilian Energy
TAEE4,2026-09-28,77 (42),0.98( 0.86),0.91( 0.72),1.00( 0.90),-0.0006(-0.0023),0.0012( 0.0006),3.4564(  2.2564),0.71(  0.69),"[19, 2, 17, 23, 21, 2, 17]",All Stocks
TAEE4,2026-09-28,77 (42),0.98( 0.86),0.91( 0.72),1.00( 0.90),-0.0006(-0.0023),0.0012( 0.0006),3.4564(  2.2564),0.71(  0.69),"[19, 2, 17, 23, 21, 2, 17]",Stocks to buy
TAEE4,2026-09-28,77 (42),0.98( 0.86),0.91( 0.72),1.00( 0.90),-0.0006(-0.0023),0.0012( 0.0006),3.4564(  2.2564),0.71(  0.69),"[19, 2, 17, 23, 21, 2, 17]",STRONG BUY
TAEE4,2026-09-28,77 (42),0.98( 0.86),0.91( 0.72),1.00( 0.90),-0.0006(-0.0023),0.0012( 0.0006),3.4564(  2.2564),0.71(  0.69),"[19, 2, 17, 23, 21, 2, 17]",Energy
TAEE4,2026-09-28,77 (42),0.98( 0.86),0.91( 0.72),1.00( 0.90),-0.0006(-0.0023),0.0012( 0.0006),3.4564(  2.2564),0.71(  0.69),"[19, 2, 17, 23, 21, 2, 17]",Brazilian Energy
TASA3,2026-09-28,93 (77),0.23( 0.13),1.00( 0.90),1.00( 0.90),0.0109( 0.0104),-0.0006(-0.0046),8.6390(  4.8390),0.99(  0.97),"[5, 0, 0, 77, 7, 5, 6]",All Stocks
TASA3,2026-09-28,93 (77),0.23( 0.13),1.00( 0.90),1.00( 0.90),0.0109( 0.0104),-0.0006(-0.0046),8.6390(  4.8390),0.99(  0.97),"[5, 0, 0, 77, 7, 5, 6]",Stocks to buy
TASA3,2026-09-28,93 (77),0.23( 0.13),1.00( 0.90),1.00( 0.90),0.0109( 0.0104),-0.0006(-0.0046),8.6390(  4.8390),0.99(  0.97),"[5, 0, 0, 77, 7, 5, 6]",STRONG BUY
TASA4,2026-09-28,22 (53),0.14(-0.10),0.72(-0.04),-1.00(-2.00),0.0193( 0.0146),0.0216( 0.0208),6.7103(  2.3103),0.44(  0.11),"[34, 40, 3, 10, 2, 2, 8]",All Stocks
TSLA,2026-09-28,30 (48),0.91( 0.03),0.99(-0.01),1.00( 0.90),0.0044(-0.0051),0.0140(-0.0041),6.8255(  3.1255),0.47( -0.52),"[16, 0, 0, 0, 48, 14, 21]",All Stocks
UBER,2026-09-28,21 (50),-0.60(-0.70),0.99( 0.11),1.00( 0.01),0.0185( 0.0029),0.0043(-0.0006),1.7858( -4.5142),0.19( -0.75),"[0, 10, 10, 2, 15, 14, 50]",All Stocks
UBER,2026-09-28,21 (50),-0.60(-0.70),0.99( 0.11),1.00( 0.01),0.0185( 0.0029),0.0043(-0.0006),1.7858( -4.5142),0.19( -0.75),"[0, 10, 10, 2, 15, 14, 50]",Consumer Goods
UBR,2026-09-28,1 (50),-0.33(-0.43),-0.25(-0.43),-0.53(-1.15),0.0010(-0.0017),0.0055(-0.0097),-0.8003( -2.5003),0.33(  0.02),"[3, 1, 12, 50, 2, 31, 1]",All Stocks
UBR,2026-09-28,1 (50),-0.33(-0.43),-0.25(-0.43),-0.53(-1.15),0.0010(-0.0017),0.0055(-0.0097),-0.8003( -2.5003),0.33(  0.02),"[3, 1, 12, 50, 2, 31, 1]",Indexes
UBR,2026-09-28,1 (50),-0.33(-0.43),-0.25(-0.43),-0.53(-1.15),0.0010(-0.0017),0.0055(-0.0097),-0.8003( -2.5003),0.33(  0.02),"[3, 1, 12, 50, 2, 31, 1]",Brazilian Indexes
UDN,2026-09-28,5 (53),0.09(-0.37),-0.99(-1.09),1.00( 0.00),-0.0003(-0.0007),0.0002(-0.0015),-6.3827(-11.9827),0.00( -0.88),"[48, 0, 5, 0, 0, 22, 25]",All Stocks
UDN,2026-09-28,5 (53),0.09(-0.37),-0.99(-1.09),1.00( 0.00),-0.0003(-0.0007),0.0002(-0.0015),-6.3827(-11.9827),0.00( -0.88),"[48, 0, 5, 0, 0, 22, 25]",Indexes
UNH,2026-09-28,49 (38),0.48( 0.04),0.30(-0.46),1.00( 0.90),0.0106( 0.0007),0.0139( 0.0054),-0.7950( -5.6950),0.50(  0.49),"[21, 26, 15, 1, 12, 24, 0]",All Stocks
UNH,2026-09-28,49 (38),0.48( 0.04),0.30(-0.46),1.00( 0.90),0.0106( 0.0007),0.0139( 0.0054),-0.7950( -5.6950),0.50(  0.49),"[21, 26, 15, 1, 12, 24, 0]",Stocks to buy
UNH,2026-09-28,49 (38),0.48( 0.04),0.30(-0.46),1.00( 0.90),0.0106( 0.0007),0.0139( 0.0054),-0.7950( -5.6950),0.50(  0.49),"[21, 26, 15, 1, 12, 24, 0]",American stocks
UNH,2026-09-28,49 (38),0.48( 0.04),0.30(-0.46),1.00( 0.90),0.0106( 0.0007),0.0139( 0.0054),-0.7950( -5.6950),0.50(  0.49),"[21, 26, 15, 1, 12, 24, 0]",Health
UNIP3,2026-09-28,0 (34),0.90(-0.01),0.93(-0.01),0.41(-0.59),0.0049(-0.0022),0.0126(-0.0155),-1.5489( -7.5489),0.08( -0.42),"[7, 19, 13, 15, 12, 28, 7]",All Stocks
UNIP5,2026-09-25,68 (55),0.25( 0.11),0.98( 0.00),1.00( 0.02),0.0114( 0.0069),0.0432(-0.0111),-0.3303( -5.0303),0.15(  0.05),"[14, 22, 9, 17, 11, 21, 6]",All Stocks
UNIP5,2026-09-25,68 (55),0.25( 0.11),0.98( 0.00),1.00( 0.02),0.0114( 0.0069),0.0432(-0.0111),-0.3303( -5.0303),0.15(  0.05),"[14, 22, 9, 17, 11, 21, 6]",Stocks to buy
UNIP6,2026-09-28,0 (57),0.35(-0.01),0.97(-0.01),1.00( 0.90),0.0055(-0.0010),-0.0173(-0.0295),0.5398( -1.8602),0.65( -0.33),"[16, 0, 0, 35, 9, 12, 27]",All Stocks
USIM3,2026-09-28,1 (50),0.47(-0.09),0.07(-0.07),0.80(-0.17),0.0045(-0.0022),0.0127( 0.0020),-1.7537( -9.9537),0.05( -0.07),"[24, 26, 12, 22, 1, 2, 13]",All Stocks
USIM5,2026-09-28,66 (71),-0.16(-0.30),-1.00(-1.10),-1.00(-1.10),0.0138( 0.0089),0.0127( 0.0094),-3.8726( -5.9726),0.00( -0.03),"[4, 3, 0, 22, 43, 3, 24]",All Stocks
UUP,2026-09-28,100 (52),0.91( 0.07),0.95( 0.19),1.00( 0.00),0.0006( 0.0005),0.0024( 0.0023),6.9534(  5.7534),0.98(  0.97),"[37, 4, 48, 3, 0, 3, 4]",All Stocks
UUP,2026-09-28,100 (52),0.91( 0.07),0.95( 0.19),1.00( 0.00),0.0006( 0.0005),0.0024( 0.0023),6.9534(  5.7534),0.98(  0.97),"[37, 4, 48, 3, 0, 3, 4]",Stocks to buy
UUP,2026-09-28,100 (52),0.91( 0.07),0.95( 0.19),1.00( 0.00),0.0006( 0.0005),0.0024( 0.0023),6.9534(  5.7534),0.98(  0.97),"[37, 4, 48, 3, 0, 3, 4]",STRONG BUY
UUP,2026-09-28,100 (52),0.91( 0.07),0.95( 0.19),1.00( 0.00),0.0006( 0.0005),0.0024( 0.0023),6.9534(  5.7534),0.98(  0.97),"[37, 4, 48, 3, 0, 3, 4]",Indexes
V,2026-09-28,10 (70),0.60(-0.21),0.99( 0.00),-1.00(-1.10),0.0008(-0.0049),0.0030(-0.0027),1.7080(  0.7080),0.45(  0.01),"[70, 10, 0, 14, 6, 0, 0]",All Stocks
V,2026-09-28,10 (70),0.60(-0.21),0.99( 0.00),-1.00(-1.10),0.0008(-0.0049),0.0030(-0.0027),1.7080(  0.7080),0.45(  0.01),"[70, 10, 0, 14, 6, 0, 0]",Finance
VALE,2026-09-28,60 (68),-0.35(-0.45),0.90(-0.00),1.00( 0.00),0.0051( 0.0009),0.0155( 0.0048),-3.9065( -9.3065),0.42(  0.01),"[0, 22, 18, 16, 16, 18, 11]",All Stocks
VALE,2026-09-28,60 (68),-0.35(-0.45),0.90(-0.00),1.00( 0.00),0.0051( 0.0009),0.0155( 0.0048),-3.9065( -9.3065),0.42(  0.01),"[0, 22, 18, 16, 16, 18, 11]",Brazilian biggest stocks
VALE,2026-09-28,60 (68),-0.35(-0.45),0.90(-0.00),1.00( 0.00),0.0051( 0.0009),0.0155( 0.0048),-3.9065( -9.3065),0.42(  0.01),"[0, 22, 18, 16, 16, 18, 11]",ADRs
VALE3,2026-09-28,71 (46),-0.72(-0.82),-0.66(-0.88),-1.00(-1.10),0.0122( 0.0041),0.0162( 0.0050),-3.3204( -7.5204),0.35(  0.34),"[0, 5, 0, 46, 25, 24, 0]",All Stocks
VALE3,2026-09-28,71 (46),-0.72(-0.82),-0.66(-0.88),-1.00(-1.10),0.0122( 0.0041),0.0162( 0.0050),-3.3204( -7.5204),0.35(  0.34),"[0, 5, 0, 46, 25, 24, 0]",Stocks to buy
VALE3,2026-09-28,71 (46),-0.72(-0.82),-0.66(-0.88),-1.00(-1.10),0.0122( 0.0041),0.0162( 0.0050),-3.3204( -7.5204),0.35(  0.34),"[0, 5, 0, 46, 25, 24, 0]",STRONG BUY
VALE3,2026-09-28,71 (46),-0.72(-0.82),-0.66(-0.88),-1.00(-1.10),0.0122( 0.0041),0.0162( 0.0050),-3.3204( -7.5204),0.35(  0.34),"[0, 5, 0, 46, 25, 24, 0]",Brazilian biggest stocks
WEGE3,2026-09-28,100 (38),1.00( 0.00),1.00( 0.90),1.00( 0.00),0.0017( 0.0016),0.0115( 0.0072),1.9463(  0.9463),0.39(  0.38),"[21, 0, 22, 8, 30, 19, 0]",All Stocks
WEGE3,2026-09-28,100 (38),1.00( 0.00),1.00( 0.90),1.00( 0.00),0.0017( 0.0016),0.0115( 0.0072),1.9463(  0.9463),0.39(  0.38),"[21, 0, 22, 8, 30, 19, 0]",Stocks to buy
WEGE3,2026-09-28,100 (38),1.00( 0.00),1.00( 0.90),1.00( 0.00),0.0017( 0.0016),0.0115( 0.0072),1.9463(  0.9463),0.39(  0.38),"[21, 0, 22, 8, 30, 19, 0]",STRONG BUY
