symbol,date,threshold,PPO,SAC,TD3,LST,LS10,LSR,LCl,weights,section
AAPL,2026-01-15,32 (67),0.67( 0.24),0.99( 0.89),1.00( 0.04),0.0034(-0.0032),0.0066(-0.0057),-3.6637(-12.6637),0.46(  0.45),"[17, 0, 15, 1, 67, 0, 0]",All Stocks
AAPL,2026-01-15,32 (67),0.67( 0.24),0.99( 0.89),1.00( 0.04),0.0034(-0.0032),0.0066(-0.0057),-3.6637(-12.6637),0.46(  0.45),"[17, 0, 15, 1, 67, 0, 0]",Technology
AAPL,2026-01-15,32 (67),0.67( 0.24),0.99( 0.89),1.00( 0.04),0.0034(-0.0032),0.0066(-0.0057),-3.6637(-12.6637),0.46(  0.45),"[17, 0, 15, 1, 67, 0, 0]",Consumer Goods
ABEV,2026-01-15,80 (53),-0.78(-1.01),-0.89(-1.54),0.77( 0.40),0.0007( 0.0006),0.0003( 0.0002),4.8490(  3.8490),0.50(  0.04),"[8, 12, 10, 8, 8, 10, 44]",All Stocks
ABEV,2026-01-15,80 (53),-0.78(-1.01),-0.89(-1.54),0.77( 0.40),0.0007( 0.0006),0.0003( 0.0002),4.8490(  3.8490),0.50(  0.04),"[8, 12, 10, 8, 8, 10, 44]",Stocks to buy
ABEV,2026-01-15,80 (53),-0.78(-1.01),-0.89(-1.54),0.77( 0.40),0.0007( 0.0006),0.0003( 0.0002),4.8490(  3.8490),0.50(  0.04),"[8, 12, 10, 8, 8, 10, 44]",STRONG BUY
ABEV,2026-01-15,80 (53),-0.78(-1.01),-0.89(-1.54),0.77( 0.40),0.0007( 0.0006),0.0003( 0.0002),4.8490(  3.8490),0.50(  0.04),"[8, 12, 10, 8, 8, 10, 44]",Brazilian biggest stocks
ABEV,2026-01-15,80 (53),-0.78(-1.01),-0.89(-1.54),0.77( 0.40),0.0007( 0.0006),0.0003( 0.0002),4.8490(  3.8490),0.50(  0.04),"[8, 12, 10, 8, 8, 10, 44]",ADRs
ABEV3,2026-01-15,23 (72),-0.55(-0.80),-0.93(-1.58),-1.00(-1.33),0.0027( 0.0025),0.0012(-0.0057),-0.8836( -2.7836),0.96(  0.95),"[23, 25, 2, 1, 2, 25, 22]",All Stocks
ABEV3,2026-01-15,23 (72),-0.55(-0.80),-0.93(-1.58),-1.00(-1.33),0.0027( 0.0025),0.0012(-0.0057),-0.8836( -2.7836),0.96(  0.95),"[23, 25, 2, 1, 2, 25, 22]",Brazilian biggest stocks
AEP,2026-01-15,90 (46),-0.26(-0.42),0.98( 0.00),-1.00(-1.99),0.0066( 0.0053),0.0152( 0.0118),6.2724(  4.6724),0.51(  0.07),"[6, 29, 5, 14, 33, 1, 13]",All Stocks
AEP,2026-01-15,90 (46),-0.26(-0.42),0.98( 0.00),-1.00(-1.99),0.0066( 0.0053),0.0152( 0.0118),6.2724(  4.6724),0.51(  0.07),"[6, 29, 5, 14, 33, 1, 13]",Stocks to buy
AEP,2026-01-15,90 (46),-0.26(-0.42),0.98( 0.00),-1.00(-1.99),0.0066( 0.0053),0.0152( 0.0118),6.2724(  4.6724),0.51(  0.07),"[6, 29, 5, 14, 33, 1, 13]",STRONG BUY
AEP,2026-01-15,90 (46),-0.26(-0.42),0.98( 0.00),-1.00(-1.99),0.0066( 0.0053),0.0152( 0.0118),6.2724(  4.6724),0.51(  0.07),"[6, 29, 5, 14, 33, 1, 13]",Energy
AGRO3,2026-01-15,20 (41),0.10(-0.69),0.98(-0.01),-0.16(-1.12),0.0070(-0.0058),0.0078(-0.0046),5.6851(  3.5851),0.43( -0.04),"[27, 14, 0, 21, 18, 20, 0]",All Stocks
ALUP1,2026-01-15,64 (37),-0.59(-0.87),-0.86(-1.83),-1.00(-2.00),0.0047( 0.0034),0.0153( 0.0074),-2.5271( -3.8271),0.46(  0.45),"[30, 2, 2, 27, 37, 1, 0]",All Stocks
ALUP1,2026-01-15,64 (37),-0.59(-0.87),-0.86(-1.83),-1.00(-2.00),0.0047( 0.0034),0.0153( 0.0074),-2.5271( -3.8271),0.46(  0.45),"[30, 2, 2, 27, 37, 1, 0]",Stocks to buy
ALUP3,2026-01-15,46 (90),0.31(-0.18),0.87( 0.12),-1.00(-1.69),-0.0059(-0.0106),-0.0069(-0.0156),0.8633( -0.3367),0.41(  0.04),"[41, 43, 4, 4, 3, 2, 3]",All Stocks
ALUP4,2026-01-15,40 (98),-1.00(-1.10),-0.79(-1.37),-1.00(-1.90),0.0067( 0.0043),0.0307( 0.0283),0.2781( -1.7219),0.49(  0.48),"[2, 24, 32, 14, 25, 2, 0]",All Stocks
AMZN,2026-01-15,23 (49),0.34( 0.04),1.00( 0.90),1.00( 0.90),0.0076(-0.0089),0.0024(-0.0137),8.1898( -0.1102),0.40( -0.02),"[23, 0, 0, 0, 19, 49, 8]",All Stocks
AMZN,2026-01-15,23 (49),0.34( 0.04),1.00( 0.90),1.00( 0.90),0.0076(-0.0089),0.0024(-0.0137),8.1898( -0.1102),0.40( -0.02),"[23, 0, 0, 0, 19, 49, 8]",Consumer Goods
AXP,2026-01-15,71 (72),0.21( 0.09),-0.94(-1.04),1.00( 0.02),-0.0002(-0.0042),0.0040(-0.0011),1.0256(  0.0256),0.46(  0.19),"[2, 0, 33, 0, 29, 0, 36]",All Stocks
AXP,2026-01-15,71 (72),0.21( 0.09),-0.94(-1.04),1.00( 0.02),-0.0002(-0.0042),0.0040(-0.0011),1.0256(  0.0256),0.46(  0.19),"[2, 0, 33, 0, 29, 0, 36]",Finance
B3SA3,2026-01-15,53 (50),-0.83(-0.93),-0.99(-1.89),-0.65(-1.09),-0.0033(-0.0034),0.0076( 0.0016),4.9978(  3.2978),0.38(  0.37),"[3, 4, 37, 3, 3, 50, 0]",All Stocks
B3SA3,2026-01-15,53 (50),-0.83(-0.93),-0.99(-1.89),-0.65(-1.09),-0.0033(-0.0034),0.0076( 0.0016),4.9978(  3.2978),0.38(  0.37),"[3, 4, 37, 3, 3, 50, 0]",Stocks to buy
B3SA3,2026-01-15,53 (50),-0.83(-0.93),-0.99(-1.89),-0.65(-1.09),-0.0033(-0.0034),0.0076( 0.0016),4.9978(  3.2978),0.38(  0.37),"[3, 4, 37, 3, 3, 50, 0]",Finance
B3SA3,2026-01-15,53 (50),-0.83(-0.93),-0.99(-1.89),-0.65(-1.09),-0.0033(-0.0034),0.0076( 0.0016),4.9978(  3.2978),0.38(  0.37),"[3, 4, 37, 3, 3, 50, 0]",Brazilian Finance
BAC,2026-01-15,14 (41),-0.02(-0.19),-0.72(-1.31),0.99( 0.89),0.0010(-0.0005),0.0103( 0.0036),-3.0722( -9.6722),0.41( -0.00),"[3, 13, 1, 16, 14, 41, 13]",All Stocks
BAC,2026-01-15,14 (41),-0.02(-0.19),-0.72(-1.31),0.99( 0.89),0.0010(-0.0005),0.0103( 0.0036),-3.0722( -9.6722),0.41( -0.00),"[3, 13, 1, 16, 14, 41, 13]",Finance
BBAS3,2026-01-15,28 (52),0.65( 0.02),0.99(-0.01),-1.00(-1.37),0.0028(-0.0007),0.0228( 0.0104),-3.4077(-10.1077),0.43( -0.00),"[11, 0, 0, 24, 17, 38, 10]",All Stocks
BBAS3,2026-01-15,28 (52),0.65( 0.02),0.99(-0.01),-1.00(-1.37),0.0028(-0.0007),0.0228( 0.0104),-3.4077(-10.1077),0.43( -0.00),"[11, 0, 0, 24, 17, 38, 10]",Finance
BBAS3,2026-01-15,28 (52),0.65( 0.02),0.99(-0.01),-1.00(-1.37),0.0028(-0.0007),0.0228( 0.0104),-3.4077(-10.1077),0.43( -0.00),"[11, 0, 0, 24, 17, 38, 10]",Brazilian Finance
BBD,2026-01-15,53 (44),0.32(-0.01),0.97( 0.00),1.00( 0.90),0.0064( 0.0040),0.0009( 0.0004),-0.5336( -1.6336),0.57(  0.56),"[35, 12, 11, 11, 10, 11, 10]",All Stocks
BBD,2026-01-15,53 (44),0.32(-0.01),0.97( 0.00),1.00( 0.90),0.0064( 0.0040),0.0009( 0.0004),-0.5336( -1.6336),0.57(  0.56),"[35, 12, 11, 11, 10, 11, 10]",Stocks to buy
BBD,2026-01-15,53 (44),0.32(-0.01),0.97( 0.00),1.00( 0.90),0.0064( 0.0040),0.0009( 0.0004),-0.5336( -1.6336),0.57(  0.56),"[35, 12, 11, 11, 10, 11, 10]",ADRs
BBD,2026-01-15,53 (44),0.32(-0.01),0.97( 0.00),1.00( 0.90),0.0064( 0.0040),0.0009( 0.0004),-0.5336( -1.6336),0.57(  0.56),"[35, 12, 11, 11, 10, 11, 10]",Finance
BBD,2026-01-15,53 (44),0.32(-0.01),0.97( 0.00),1.00( 0.90),0.0064( 0.0040),0.0009( 0.0004),-0.5336( -1.6336),0.57(  0.56),"[35, 12, 11, 11, 10, 11, 10]",Brazilian Finance
BBDC3,2026-01-15,0 (65),-1.00(-1.27),-0.95(-1.70),-1.00(-1.10),-0.0020(-0.0021),-0.0060(-0.0061),0.6593( -0.3407),0.48(  0.47),"[35, 33, 32, 0, 0, 0, 0]",All Stocks
BBDC3,2026-01-15,0 (65),-1.00(-1.27),-0.95(-1.70),-1.00(-1.10),-0.0020(-0.0021),-0.0060(-0.0061),0.6593( -0.3407),0.48(  0.47),"[35, 33, 32, 0, 0, 0, 0]",Finance
BBDC3,2026-01-15,0 (65),-1.00(-1.27),-0.95(-1.70),-1.00(-1.10),-0.0020(-0.0021),-0.0060(-0.0061),0.6593( -0.3407),0.48(  0.47),"[35, 33, 32, 0, 0, 0, 0]",Brazilian Finance
BBDC4,2026-01-15,28 (46),-0.30(-0.40),-0.99(-1.83),-0.37(-1.23),0.0020( 0.0013),0.0038( 0.0035),-1.7022( -6.1022),0.55(  0.54),"[10, 26, 26, 10, 9, 9, 10]",All Stocks
BBDC4,2026-01-15,28 (46),-0.30(-0.40),-0.99(-1.83),-0.37(-1.23),0.0020( 0.0013),0.0038( 0.0035),-1.7022( -6.1022),0.55(  0.54),"[10, 26, 26, 10, 9, 9, 10]",Finance
BBDC4,2026-01-15,28 (46),-0.30(-0.40),-0.99(-1.83),-0.37(-1.23),0.0020( 0.0013),0.0038( 0.0035),-1.7022( -6.1022),0.55(  0.54),"[10, 26, 26, 10, 9, 9, 10]",Brazilian Finance
BBSE3,2026-01-15,86 (61),0.63(-0.02),0.99( 0.02),0.98( 0.11),0.0028( 0.0020),0.0033(-0.0178),1.8278(  0.1278),0.46(  0.01),"[12, 12, 5, 13, 2, 19, 37]",All Stocks
BBSE3,2026-01-15,86 (61),0.63(-0.02),0.99( 0.02),0.98( 0.11),0.0028( 0.0020),0.0033(-0.0178),1.8278(  0.1278),0.46(  0.01),"[12, 12, 5, 13, 2, 19, 37]",Stocks to buy
BBSE3,2026-01-15,86 (61),0.63(-0.02),0.99( 0.02),0.98( 0.11),0.0028( 0.0020),0.0033(-0.0178),1.8278(  0.1278),0.46(  0.01),"[12, 12, 5, 13, 2, 19, 37]",STRONG BUY
BBSE3,2026-01-15,86 (61),0.63(-0.02),0.99( 0.02),0.98( 0.11),0.0028( 0.0020),0.0033(-0.0178),1.8278(  0.1278),0.46(  0.01),"[12, 12, 5, 13, 2, 19, 37]",Finance
BBSE3,2026-01-15,86 (61),0.63(-0.02),0.99( 0.02),0.98( 0.11),0.0028( 0.0020),0.0033(-0.0178),1.8278(  0.1278),0.46(  0.01),"[12, 12, 5, 13, 2, 19, 37]",Brazilian Finance
BOVA1,2026-01-15,82 (65),-0.34(-0.44),-0.48(-0.61),0.66( 0.16),0.0028( 0.0027),0.0050( 0.0049),5.0907( -2.1093),0.13(  0.12),"[6, 7, 64, 12, 0, 5, 6]",All Stocks
BOVA1,2026-01-15,82 (65),-0.34(-0.44),-0.48(-0.61),0.66( 0.16),0.0028( 0.0027),0.0050( 0.0049),5.0907( -2.1093),0.13(  0.12),"[6, 7, 64, 12, 0, 5, 6]",Stocks to buy
BOVA1,2026-01-15,82 (65),-0.34(-0.44),-0.48(-0.61),0.66( 0.16),0.0028( 0.0027),0.0050( 0.0049),5.0907( -2.1093),0.13(  0.12),"[6, 7, 64, 12, 0, 5, 6]",STRONG BUY
BOVA1,2026-01-15,82 (65),-0.34(-0.44),-0.48(-0.61),0.66( 0.16),0.0028( 0.0027),0.0050( 0.0049),5.0907( -2.1093),0.13(  0.12),"[6, 7, 64, 12, 0, 5, 6]",Indexes
BOVA1,2026-01-15,82 (65),-0.34(-0.44),-0.48(-0.61),0.66( 0.16),0.0028( 0.0027),0.0050( 0.0049),5.0907( -2.1093),0.13(  0.12),"[6, 7, 64, 12, 0, 5, 6]",Brazilian Indexes
BPAC1,2026-01-15,94 (60),-0.70(-0.80),0.84( 0.00),0.85( 0.75),0.0071( 0.0055),-0.0016(-0.0021),-0.5608( -1.5608),0.06(  0.04),"[0, 40, 31, 20, 3, 3, 2]",All Stocks
BPAC1,2026-01-15,94 (60),-0.70(-0.80),0.84( 0.00),0.85( 0.75),0.0071( 0.0055),-0.0016(-0.0021),-0.5608( -1.5608),0.06(  0.04),"[0, 40, 31, 20, 3, 3, 2]",Stocks to buy
BPAC1,2026-01-15,94 (60),-0.70(-0.80),0.84( 0.00),0.85( 0.75),0.0071( 0.0055),-0.0016(-0.0021),-0.5608( -1.5608),0.06(  0.04),"[0, 40, 31, 20, 3, 3, 2]",STRONG BUY
BPAC1,2026-01-15,94 (60),-0.70(-0.80),0.84( 0.00),0.85( 0.75),0.0071( 0.0055),-0.0016(-0.0021),-0.5608( -1.5608),0.06(  0.04),"[0, 40, 31, 20, 3, 3, 2]",Finance
BPAC1,2026-01-15,94 (60),-0.70(-0.80),0.84( 0.00),0.85( 0.75),0.0071( 0.0055),-0.0016(-0.0021),-0.5608( -1.5608),0.06(  0.04),"[0, 40, 31, 20, 3, 3, 2]",Brazilian Finance
BPAC3,2026-01-15,96 (52),-0.52(-0.87),-1.00(-1.96),1.00( 0.02),0.0173( 0.0083),0.0180( 0.0178),1.6659(  0.6659),0.99(  0.96),"[2, 2, 4, 52, 6, 2, 33]",All Stocks
BPAC3,2026-01-15,96 (52),-0.52(-0.87),-1.00(-1.96),1.00( 0.02),0.0173( 0.0083),0.0180( 0.0178),1.6659(  0.6659),0.99(  0.96),"[2, 2, 4, 52, 6, 2, 33]",Stocks to buy
BPAC3,2026-01-15,96 (52),-0.52(-0.87),-1.00(-1.96),1.00( 0.02),0.0173( 0.0083),0.0180( 0.0178),1.6659(  0.6659),0.99(  0.96),"[2, 2, 4, 52, 6, 2, 33]",STRONG BUY
BPAC3,2026-01-15,96 (52),-0.52(-0.87),-1.00(-1.96),1.00( 0.02),0.0173( 0.0083),0.0180( 0.0178),1.6659(  0.6659),0.99(  0.96),"[2, 2, 4, 52, 6, 2, 33]",Finance
BPAC3,2026-01-15,96 (52),-0.52(-0.87),-1.00(-1.96),1.00( 0.02),0.0173( 0.0083),0.0180( 0.0178),1.6659(  0.6659),0.99(  0.96),"[2, 2, 4, 52, 6, 2, 33]",Brazilian Finance
BPAC5,2026-01-15,56 (59),-0.38(-0.60),0.42( 0.02),-1.00(-1.13),-0.0026(-0.0091),0.0004(-0.0077),0.7334( -0.4666),0.14(  0.05),"[3, 33, 3, 3, 33, 2, 23]",All Stocks
BPAC5,2026-01-15,56 (59),-0.38(-0.60),0.42( 0.02),-1.00(-1.13),-0.0026(-0.0091),0.0004(-0.0077),0.7334( -0.4666),0.14(  0.05),"[3, 33, 3, 3, 33, 2, 23]",Finance
BPAC5,2026-01-15,56 (59),-0.38(-0.60),0.42( 0.02),-1.00(-1.13),-0.0026(-0.0091),0.0004(-0.0077),0.7334( -0.4666),0.14(  0.05),"[3, 33, 3, 3, 33, 2, 23]",Brazilian Finance
BPAN4,2026-01-15,94 (45),0.06(-0.11),-0.41(-0.66),1.00( 0.90),0.0044( 0.0021),0.0081( 0.0037),6.2210(  4.4210),0.96(  0.74),"[3, 3, 0, 38, 11, 3, 42]",All Stocks
BPAN4,2026-01-15,94 (45),0.06(-0.11),-0.41(-0.66),1.00( 0.90),0.0044( 0.0021),0.0081( 0.0037),6.2210(  4.4210),0.96(  0.74),"[3, 3, 0, 38, 11, 3, 42]",Stocks to buy
BPAN4,2026-01-15,94 (45),0.06(-0.11),-0.41(-0.66),1.00( 0.90),0.0044( 0.0021),0.0081( 0.0037),6.2210(  4.4210),0.96(  0.74),"[3, 3, 0, 38, 11, 3, 42]",STRONG BUY
BPAN4,2026-01-15,94 (45),0.06(-0.11),-0.41(-0.66),1.00( 0.90),0.0044( 0.0021),0.0081( 0.0037),6.2210(  4.4210),0.96(  0.74),"[3, 3, 0, 38, 11, 3, 42]",Finance
BPAN4,2026-01-15,94 (45),0.06(-0.11),-0.41(-0.66),1.00( 0.90),0.0044( 0.0021),0.0081( 0.0037),6.2210(  4.4210),0.96(  0.74),"[3, 3, 0, 38, 11, 3, 42]",Brazilian Finance
BRAP3,2026-01-15,84 (58),-0.70(-0.80),-0.89(-1.01),0.94( 0.84),0.0064( 0.0046),0.0003( 0.0001),2.1293(  1.1293),0.38(  0.37),"[0, 16, 0, 58, 11, 15, 0]",All Stocks
BRAP3,2026-01-15,84 (58),-0.70(-0.80),-0.89(-1.01),0.94( 0.84),0.0064( 0.0046),0.0003( 0.0001),2.1293(  1.1293),0.38(  0.37),"[0, 16, 0, 58, 11, 15, 0]",Stocks to buy
BRAP3,2026-01-15,84 (58),-0.70(-0.80),-0.89(-1.01),0.94( 0.84),0.0064( 0.0046),0.0003( 0.0001),2.1293(  1.1293),0.38(  0.37),"[0, 16, 0, 58, 11, 15, 0]",STRONG BUY
BRAP4,2026-01-15,91 (69),-0.43(-0.55),0.87( 0.57),-1.00(-2.00),0.0104( 0.0053),0.0182( 0.0139),3.7400( -1.5600),0.93(  0.92),"[0, 7, 4, 9, 69, 5, 6]",All Stocks
BRAP4,2026-01-15,91 (69),-0.43(-0.55),0.87( 0.57),-1.00(-2.00),0.0104( 0.0053),0.0182( 0.0139),3.7400( -1.5600),0.93(  0.92),"[0, 7, 4, 9, 69, 5, 6]",Stocks to buy
BRAP4,2026-01-15,91 (69),-0.43(-0.55),0.87( 0.57),-1.00(-2.00),0.0104( 0.0053),0.0182( 0.0139),3.7400( -1.5600),0.93(  0.92),"[0, 7, 4, 9, 69, 5, 6]",STRONG BUY
BRK-B,2026-01-15,87 (76),0.67( 0.01),-0.54(-0.64),1.00( 0.90),0.0039( 0.0038),0.0067( 0.0055),-1.8378( -6.3378),0.48(  0.47),"[61, 0, 0, 14, 12, 13, 0]",All Stocks
BRK-B,2026-01-15,87 (76),0.67( 0.01),-0.54(-0.64),1.00( 0.90),0.0039( 0.0038),0.0067( 0.0055),-1.8378( -6.3378),0.48(  0.47),"[61, 0, 0, 14, 12, 13, 0]",Stocks to buy
BRK-B,2026-01-15,87 (76),0.67( 0.01),-0.54(-0.64),1.00( 0.90),0.0039( 0.0038),0.0067( 0.0055),-1.8378( -6.3378),0.48(  0.47),"[61, 0, 0, 14, 12, 13, 0]",STRONG BUY
BRK-B,2026-01-15,87 (76),0.67( 0.01),-0.54(-0.64),1.00( 0.90),0.0039( 0.0038),0.0067( 0.0055),-1.8378( -6.3378),0.48(  0.47),"[61, 0, 0, 14, 12, 13, 0]",American stocks
BRKM3,2026-01-15,4 (38),0.13(-0.41),0.23(-0.59),1.00( 0.65),0.0010(-0.0066),0.0065(-0.0362),6.8864( -1.3136),0.92( -0.08),"[34, 24, 4, 11, 27, 0, 0]",All Stocks
BRKM5,2026-01-15,0 (29),0.65(-0.19),-1.00(-1.13),-1.00(-1.10),0.0035(-0.0143),-0.0023(-0.0295),6.8780( -1.3220),0.24( -0.09),"[24, 14, 0, 14, 29, 0, 20]",All Stocks
BRKM6,2026-01-14,51 (41),-0.30(-0.49),-0.47(-0.75),-1.00(-1.16),0.0130( 0.0129),0.0706( 0.0582),-1.5307( -5.3307),0.15(  0.12),"[2, 39, 4, 37, 3, 3, 11]",All Stocks
BRKM6,2026-01-14,51 (41),-0.30(-0.49),-0.47(-0.75),-1.00(-1.16),0.0130( 0.0129),0.0706( 0.0582),-1.5307( -5.3307),0.15(  0.12),"[2, 39, 4, 37, 3, 3, 11]",Stocks to buy
BRSR3,2026-01-15,34 (74),-0.73(-0.83),0.44( 0.08),0.83(-0.10),0.0072( 0.0065),0.0055(-0.0016),3.1011(  2.1011),0.95(  0.94),"[0, 21, 42, 11, 24, 3, 0]",All Stocks
BRSR3,2026-01-15,34 (74),-0.73(-0.83),0.44( 0.08),0.83(-0.10),0.0072( 0.0065),0.0055(-0.0016),3.1011(  2.1011),0.95(  0.94),"[0, 21, 42, 11, 24, 3, 0]",Finance
BRSR3,2026-01-15,34 (74),-0.73(-0.83),0.44( 0.08),0.83(-0.10),0.0072( 0.0065),0.0055(-0.0016),3.1011(  2.1011),0.95(  0.94),"[0, 21, 42, 11, 24, 3, 0]",Brazilian Finance
BRSR5,2026-01-14,41 (41),0.16(-0.07),-0.24(-0.34),-0.21(-1.00),0.0034(-0.0002),0.0175( 0.0095),5.5590(  0.2590),0.52(  0.02),"[12, 11, 15, 20, 15, 16, 10]",All Stocks
BRSR5,2026-01-14,41 (41),0.16(-0.07),-0.24(-0.34),-0.21(-1.00),0.0034(-0.0002),0.0175( 0.0095),5.5590(  0.2590),0.52(  0.02),"[12, 11, 15, 20, 15, 16, 10]",Stocks to buy
BRSR5,2026-01-14,41 (41),0.16(-0.07),-0.24(-0.34),-0.21(-1.00),0.0034(-0.0002),0.0175( 0.0095),5.5590(  0.2590),0.52(  0.02),"[12, 11, 15, 20, 15, 16, 10]",Finance
BRSR5,2026-01-14,41 (41),0.16(-0.07),-0.24(-0.34),-0.21(-1.00),0.0034(-0.0002),0.0175( 0.0095),5.5590(  0.2590),0.52(  0.02),"[12, 11, 15, 20, 15, 16, 10]",Brazilian Finance
BRSR6,2026-01-15,65 (38),-0.12(-0.34),-0.66(-1.04),1.00( 0.90),0.0028( 0.0017),0.0098( 0.0097),6.8888(  3.4888),0.98(  0.96),"[16, 19, 0, 11, 17, 19, 19]",All Stocks
BRSR6,2026-01-15,65 (38),-0.12(-0.34),-0.66(-1.04),1.00( 0.90),0.0028( 0.0017),0.0098( 0.0097),6.8888(  3.4888),0.98(  0.96),"[16, 19, 0, 11, 17, 19, 19]",Stocks to buy
BRSR6,2026-01-15,65 (38),-0.12(-0.34),-0.66(-1.04),1.00( 0.90),0.0028( 0.0017),0.0098( 0.0097),6.8888(  3.4888),0.98(  0.96),"[16, 19, 0, 11, 17, 19, 19]",Finance
BRSR6,2026-01-15,65 (38),-0.12(-0.34),-0.66(-1.04),1.00( 0.90),0.0028( 0.0017),0.0098( 0.0097),6.8888(  3.4888),0.98(  0.96),"[16, 19, 0, 11, 17, 19, 19]",Brazilian Finance
BRZU,2026-01-15,76 (38),-0.41(-0.57),0.92( 0.82),-1.00(-1.10),0.0160( 0.0159),0.0188( 0.0148),4.6718(  3.4718),0.20(  0.19),"[16, 14, 8, 20, 21, 22, 0]",All Stocks
BRZU,2026-01-15,76 (38),-0.41(-0.57),0.92( 0.82),-1.00(-1.10),0.0160( 0.0159),0.0188( 0.0148),4.6718(  3.4718),0.20(  0.19),"[16, 14, 8, 20, 21, 22, 0]",Stocks to buy
BRZU,2026-01-15,76 (38),-0.41(-0.57),0.92( 0.82),-1.00(-1.10),0.0160( 0.0159),0.0188( 0.0148),4.6718(  3.4718),0.20(  0.19),"[16, 14, 8, 20, 21, 22, 0]",STRONG BUY
BRZU,2026-01-15,76 (38),-0.41(-0.57),0.92( 0.82),-1.00(-1.10),0.0160( 0.0159),0.0188( 0.0148),4.6718(  3.4718),0.20(  0.19),"[16, 14, 8, 20, 21, 22, 0]",Indexes
BRZU,2026-01-15,76 (38),-0.41(-0.57),0.92( 0.82),-1.00(-1.10),0.0160( 0.0159),0.0188( 0.0148),4.6718(  3.4718),0.20(  0.19),"[16, 14, 8, 20, 21, 22, 0]",Brazilian Indexes
BSBR,2026-01-15,61 (78),-0.27(-0.74),-0.96(-1.06),-1.00(-1.10),0.0001(-0.0020),-0.0151(-0.0221),3.8265(  0.8265),0.68(  0.01),"[11, 9, 6, 7, 6, 9, 52]",All Stocks
BSBR,2026-01-15,61 (78),-0.27(-0.74),-0.96(-1.06),-1.00(-1.10),0.0001(-0.0020),-0.0151(-0.0221),3.8265(  0.8265),0.68(  0.01),"[11, 9, 6, 7, 6, 9, 52]",ADRs
BSBR,2026-01-15,61 (78),-0.27(-0.74),-0.96(-1.06),-1.00(-1.10),0.0001(-0.0020),-0.0151(-0.0221),3.8265(  0.8265),0.68(  0.01),"[11, 9, 6, 7, 6, 9, 52]",Finance
BSBR,2026-01-15,61 (78),-0.27(-0.74),-0.96(-1.06),-1.00(-1.10),0.0001(-0.0020),-0.0151(-0.0221),3.8265(  0.8265),0.68(  0.01),"[11, 9, 6, 7, 6, 9, 52]",Brazilian Finance
CIG,2026-01-15,84 (68),-0.12(-0.22),-0.98(-1.83),1.00( 0.90),0.0033( 0.0025),0.0055( 0.0054),-5.0001( -8.0001),0.44(  0.01),"[0, 10, 6, 38, 8, 6, 32]",All Stocks
CIG,2026-01-15,84 (68),-0.12(-0.22),-0.98(-1.83),1.00( 0.90),0.0033( 0.0025),0.0055( 0.0054),-5.0001( -8.0001),0.44(  0.01),"[0, 10, 6, 38, 8, 6, 32]",Stocks to buy
CIG,2026-01-15,84 (68),-0.12(-0.22),-0.98(-1.83),1.00( 0.90),0.0033( 0.0025),0.0055( 0.0054),-5.0001( -8.0001),0.44(  0.01),"[0, 10, 6, 38, 8, 6, 32]",STRONG BUY
CIG,2026-01-15,84 (68),-0.12(-0.22),-0.98(-1.83),1.00( 0.90),0.0033( 0.0025),0.0055( 0.0054),-5.0001( -8.0001),0.44(  0.01),"[0, 10, 6, 38, 8, 6, 32]",ADRs
CIG,2026-01-15,84 (68),-0.12(-0.22),-0.98(-1.83),1.00( 0.90),0.0033( 0.0025),0.0055( 0.0054),-5.0001( -8.0001),0.44(  0.01),"[0, 10, 6, 38, 8, 6, 32]",Brazilian Energy
CMIG3,2026-01-15,45 (55),-0.32(-0.42),0.60( 0.03),1.00( 0.90),0.0079(-0.0002),0.0140(-0.0003),-4.9196( -7.1196),0.55( -0.38),"[0, 45, 0, 1, 21, 1, 31]",All Stocks
CMIG3,2026-01-15,45 (55),-0.32(-0.42),0.60( 0.03),1.00( 0.90),0.0079(-0.0002),0.0140(-0.0003),-4.9196( -7.1196),0.55( -0.38),"[0, 45, 0, 1, 21, 1, 31]",Energy
CMIG3,2026-01-15,45 (55),-0.32(-0.42),0.60( 0.03),1.00( 0.90),0.0079(-0.0002),0.0140(-0.0003),-4.9196( -7.1196),0.55( -0.38),"[0, 45, 0, 1, 21, 1, 31]",Brazilian Energy
CMIG4,2026-01-15,28 (72),1.00( 0.08),0.93( 0.83),1.00( 0.90),0.0076(-0.0001),0.0194( 0.0193),0.7144( -0.2856),0.35(  0.34),"[28, 0, 0, 72, 0, 0, 0]",All Stocks
CMIG4,2026-01-15,28 (72),1.00( 0.08),0.93( 0.83),1.00( 0.90),0.0076(-0.0001),0.0194( 0.0193),0.7144( -0.2856),0.35(  0.34),"[28, 0, 0, 72, 0, 0, 0]",Energy
CMIG4,2026-01-15,28 (72),1.00( 0.08),0.93( 0.83),1.00( 0.90),0.0076(-0.0001),0.0194( 0.0193),0.7144( -0.2856),0.35(  0.34),"[28, 0, 0, 72, 0, 0, 0]",Brazilian Energy
CPFE3,2026-01-15,98 (73),0.21( 0.04),0.97( 0.02),1.00( 0.00),0.0040( 0.0039),0.0111( 0.0081),0.9234( -0.6766),0.46(  0.04),"[3, 5, 19, 14, 23, 2, 33]",All Stocks
CPFE3,2026-01-15,98 (73),0.21( 0.04),0.97( 0.02),1.00( 0.00),0.0040( 0.0039),0.0111( 0.0081),0.9234( -0.6766),0.46(  0.04),"[3, 5, 19, 14, 23, 2, 33]",Stocks to buy
CPFE3,2026-01-15,98 (73),0.21( 0.04),0.97( 0.02),1.00( 0.00),0.0040( 0.0039),0.0111( 0.0081),0.9234( -0.6766),0.46(  0.04),"[3, 5, 19, 14, 23, 2, 33]",STRONG BUY
CPFE3,2026-01-15,98 (73),0.21( 0.04),0.97( 0.02),1.00( 0.00),0.0040( 0.0039),0.0111( 0.0081),0.9234( -0.6766),0.46(  0.04),"[3, 5, 19, 14, 23, 2, 33]",Energy
CPFE3,2026-01-15,98 (73),0.21( 0.04),0.97( 0.02),1.00( 0.00),0.0040( 0.0039),0.0111( 0.0081),0.9234( -0.6766),0.46(  0.04),"[3, 5, 19, 14, 23, 2, 33]",Brazilian Energy
CPLE3,2026-01-15,100 (56),0.29( 0.19),0.95( 0.85),1.00( 0.90),0.0111( 0.0023),0.0054( 0.0018),7.4075(  5.2075),0.48(  0.47),"[6, 0, 0, 56, 33, 6, 0]",All Stocks
CPLE3,2026-01-15,100 (56),0.29( 0.19),0.95( 0.85),1.00( 0.90),0.0111( 0.0023),0.0054( 0.0018),7.4075(  5.2075),0.48(  0.47),"[6, 0, 0, 56, 33, 6, 0]",Stocks to buy
CPLE3,2026-01-15,100 (56),0.29( 0.19),0.95( 0.85),1.00( 0.90),0.0111( 0.0023),0.0054( 0.0018),7.4075(  5.2075),0.48(  0.47),"[6, 0, 0, 56, 33, 6, 0]",STRONG BUY
CPLE3,2026-01-15,100 (56),0.29( 0.19),0.95( 0.85),1.00( 0.90),0.0111( 0.0023),0.0054( 0.0018),7.4075(  5.2075),0.48(  0.47),"[6, 0, 0, 56, 33, 6, 0]",Energy
CPLE3,2026-01-15,100 (56),0.29( 0.19),0.95( 0.85),1.00( 0.90),0.0111( 0.0023),0.0054( 0.0018),7.4075(  5.2075),0.48(  0.47),"[6, 0, 0, 56, 33, 6, 0]",Brazilian Energy
CPLE5,2025-12-19,62 (64),-0.28(-0.58),1.00( 0.90),-1.00(-2.00),4.5774( 4.5657),6.7254( 6.7210),1.9686( -0.0314),0.65(  0.64),"[37, 14, 1, 18, 31, 0, 0]",All Stocks
CPLE5,2025-12-19,62 (64),-0.28(-0.58),1.00( 0.90),-1.00(-2.00),4.5774( 4.5657),6.7254( 6.7210),1.9686( -0.0314),0.65(  0.64),"[37, 14, 1, 18, 31, 0, 0]",Energy
CPLE5,2025-12-19,62 (64),-0.28(-0.58),1.00( 0.90),-1.00(-2.00),4.5774( 4.5657),6.7254( 6.7210),1.9686( -0.0314),0.65(  0.64),"[37, 14, 1, 18, 31, 0, 0]",Brazilian Energy
CPLE6,2025-11-07,100 (81),-0.77(-0.87),0.68( 0.58),1.00( 0.90),0.0052( 0.0035),0.0046( 0.0030),4.5407(  3.2407),0.51(  0.50),"[0, 18, 0, 41, 22, 19, 0]",All Stocks
CPLE6,2025-11-07,100 (81),-0.77(-0.87),0.68( 0.58),1.00( 0.90),0.0052( 0.0035),0.0046( 0.0030),4.5407(  3.2407),0.51(  0.50),"[0, 18, 0, 41, 22, 19, 0]",Stocks to buy
CPLE6,2025-11-07,100 (81),-0.77(-0.87),0.68( 0.58),1.00( 0.90),0.0052( 0.0035),0.0046( 0.0030),4.5407(  3.2407),0.51(  0.50),"[0, 18, 0, 41, 22, 19, 0]",STRONG BUY
CPLE6,2025-11-07,100 (81),-0.77(-0.87),0.68( 0.58),1.00( 0.90),0.0052( 0.0035),0.0046( 0.0030),4.5407(  3.2407),0.51(  0.50),"[0, 18, 0, 41, 22, 19, 0]",Energy
CPLE6,2025-11-07,100 (81),-0.77(-0.87),0.68( 0.58),1.00( 0.90),0.0052( 0.0035),0.0046( 0.0030),4.5407(  3.2407),0.51(  0.50),"[0, 18, 0, 41, 22, 19, 0]",Brazilian Energy
CRM,2026-01-15,0 (52),-0.20(-0.30),0.95(-0.03),-1.00(-1.10),0.0072(-0.0023),0.0095(-0.0051),-4.1230( -9.2230),0.50( -0.01),"[0, 52, 4, 26, 9, 1, 9]",All Stocks
CRM,2026-01-15,0 (52),-0.20(-0.30),0.95(-0.03),-1.00(-1.10),0.0072(-0.0023),0.0095(-0.0051),-4.1230( -9.2230),0.50( -0.01),"[0, 52, 4, 26, 9, 1, 9]",Technology
CSAN,2026-01-15,25 (38),-0.51(-0.61),-0.99(-1.98),-1.00(-2.00),-0.0131(-0.0230),0.0202( 0.0201),-1.0545( -2.9545),0.02( -0.95),"[0, 19, 0, 19, 25, 0, 37]",All Stocks
CSAN,2026-01-15,25 (38),-0.51(-0.61),-0.99(-1.98),-1.00(-2.00),-0.0131(-0.0230),0.0202( 0.0201),-1.0545( -2.9545),0.02( -0.95),"[0, 19, 0, 19, 25, 0, 37]",ADRs
CSAN3,2026-01-15,20 (33),-0.41(-0.51),-1.00(-1.77),-1.00(-1.10),0.0188( 0.0029),0.0253(-0.0091),-1.5688( -9.3688),0.27( -0.02),"[0, 0, 0, 20, 33, 28, 18]",All Stocks
CSMG3,2026-01-15,100 (74),-0.14(-0.24),1.00( 0.02),1.00( 0.90),0.0084( 0.0048),0.0128( 0.0127),5.5416(  4.5416),0.84(  0.73),"[0, 15, 0, 74, 0, 3, 8]",All Stocks
CSMG3,2026-01-15,100 (74),-0.14(-0.24),1.00( 0.02),1.00( 0.90),0.0084( 0.0048),0.0128( 0.0127),5.5416(  4.5416),0.84(  0.73),"[0, 15, 0, 74, 0, 3, 8]",Stocks to buy
CSMG3,2026-01-15,100 (74),-0.14(-0.24),1.00( 0.02),1.00( 0.90),0.0084( 0.0048),0.0128( 0.0127),5.5416(  4.5416),0.84(  0.73),"[0, 15, 0, 74, 0, 3, 8]",STRONG BUY
DUK,2026-01-15,79 (76),0.59( 0.04),0.92( 0.12),0.99( 0.89),0.0037( 0.0017),0.0085( 0.0057),1.1195( -2.1805),0.52(  0.51),"[17, 25, 2, 1, 34, 21, 0]",All Stocks
DUK,2026-01-15,79 (76),0.59( 0.04),0.92( 0.12),0.99( 0.89),0.0037( 0.0017),0.0085( 0.0057),1.1195( -2.1805),0.52(  0.51),"[17, 25, 2, 1, 34, 21, 0]",Stocks to buy
DUK,2026-01-15,79 (76),0.59( 0.04),0.92( 0.12),0.99( 0.89),0.0037( 0.0017),0.0085( 0.0057),1.1195( -2.1805),0.52(  0.51),"[17, 25, 2, 1, 34, 21, 0]",STRONG BUY
DUK,2026-01-15,79 (76),0.59( 0.04),0.92( 0.12),0.99( 0.89),0.0037( 0.0017),0.0085( 0.0057),1.1195( -2.1805),0.52(  0.51),"[17, 25, 2, 1, 34, 21, 0]",American stocks
DUK,2026-01-15,79 (76),0.59( 0.04),0.92( 0.12),0.99( 0.89),0.0037( 0.0017),0.0085( 0.0057),1.1195( -2.1805),0.52(  0.51),"[17, 25, 2, 1, 34, 21, 0]",Energy
EALT3,2026-01-14,27 (51),-0.09(-0.19),0.99(-0.00),1.00( 0.90),0.0120( 0.0114),0.0304(-0.0187),-0.9418( -4.4418),0.60(  0.23),"[28, 23, 0, 10, 20, 2, 17]",All Stocks
EALT4,2026-01-15,33 (48),0.22( 0.01),0.17(-0.19),1.00( 0.90),0.0037( 0.0003),0.0031(-0.0008),1.5887( -3.3113),0.52(  0.51),"[33, 48, 0, 1, 8, 11, 0]",All Stocks
EBR,2025-11-07,75 (81),-1.00(-1.10),-0.92(-1.02),-1.00(-1.79),-0.0011(-0.0012),-0.0004(-0.0022),6.2725(  4.9725),0.33(  0.08),"[3, 5, 4, 7, 6, 5, 70]",All Stocks
EBR,2025-11-07,75 (81),-1.00(-1.10),-0.92(-1.02),-1.00(-1.79),-0.0011(-0.0012),-0.0004(-0.0022),6.2725(  4.9725),0.33(  0.08),"[3, 5, 4, 7, 6, 5, 70]",ADRs
EBR,2025-11-07,75 (81),-1.00(-1.10),-0.92(-1.02),-1.00(-1.79),-0.0011(-0.0012),-0.0004(-0.0022),6.2725(  4.9725),0.33(  0.08),"[3, 5, 4, 7, 6, 5, 70]",Energy
ELET3,2025-11-26,100 (75),0.27( 0.17),0.98( 0.01),1.00( 0.90),0.0013( 0.0012),0.0081( 0.0062),4.6523(  3.5523),1.00(  0.05),"[59, 16, 0, 5, 8, 4, 9]",All Stocks
ELET3,2025-11-26,100 (75),0.27( 0.17),0.98( 0.01),1.00( 0.90),0.0013( 0.0012),0.0081( 0.0062),4.6523(  3.5523),1.00(  0.05),"[59, 16, 0, 5, 8, 4, 9]",Stocks to buy
ELET3,2025-11-26,100 (75),0.27( 0.17),0.98( 0.01),1.00( 0.90),0.0013( 0.0012),0.0081( 0.0062),4.6523(  3.5523),1.00(  0.05),"[59, 16, 0, 5, 8, 4, 9]",STRONG BUY
ELET3,2025-11-26,100 (75),0.27( 0.17),0.98( 0.01),1.00( 0.90),0.0013( 0.0012),0.0081( 0.0062),4.6523(  3.5523),1.00(  0.05),"[59, 16, 0, 5, 8, 4, 9]",Energy
ELET3,2025-11-26,100 (75),0.27( 0.17),0.98( 0.01),1.00( 0.90),0.0013( 0.0012),0.0081( 0.0062),4.6523(  3.5523),1.00(  0.05),"[59, 16, 0, 5, 8, 4, 9]",Brazilian Energy
ELET5,2025-11-07,11 (59),0.60(-0.05),0.79(-0.05),1.00( 0.90),0.0056( 0.0012),0.0048( 0.0012),-4.9657( -9.2657),0.45( -0.01),"[6, 46, 0, 6, 5, 31, 5]",All Stocks
ELET5,2025-11-07,11 (59),0.60(-0.05),0.79(-0.05),1.00( 0.90),0.0056( 0.0012),0.0048( 0.0012),-4.9657( -9.2657),0.45( -0.01),"[6, 46, 0, 6, 5, 31, 5]",Energy
ELET5,2025-11-07,11 (59),0.60(-0.05),0.79(-0.05),1.00( 0.90),0.0056( 0.0012),0.0048( 0.0012),-4.9657( -9.2657),0.45( -0.01),"[6, 46, 0, 6, 5, 31, 5]",Brazilian Energy
ELET6,2025-11-26,89 (59),-0.71(-0.81),0.99( 0.67),1.00( 0.90),0.0076( 0.0004),-0.0033(-0.0074),3.6131(  2.4131),0.99(  0.69),"[5, 7, 4, 59, 6, 7, 12]",All Stocks
ELET6,2025-11-26,89 (59),-0.71(-0.81),0.99( 0.67),1.00( 0.90),0.0076( 0.0004),-0.0033(-0.0074),3.6131(  2.4131),0.99(  0.69),"[5, 7, 4, 59, 6, 7, 12]",Stocks to buy
ELET6,2025-11-26,89 (59),-0.71(-0.81),0.99( 0.67),1.00( 0.90),0.0076( 0.0004),-0.0033(-0.0074),3.6131(  2.4131),0.99(  0.69),"[5, 7, 4, 59, 6, 7, 12]",STRONG BUY
ELET6,2025-11-26,89 (59),-0.71(-0.81),0.99( 0.67),1.00( 0.90),0.0076( 0.0004),-0.0033(-0.0074),3.6131(  2.4131),0.99(  0.69),"[5, 7, 4, 59, 6, 7, 12]",Energy
ELET6,2025-11-26,89 (59),-0.71(-0.81),0.99( 0.67),1.00( 0.90),0.0076( 0.0004),-0.0033(-0.0074),3.6131(  2.4131),0.99(  0.69),"[5, 7, 4, 59, 6, 7, 12]",Brazilian Energy
ELP,2025-12-24,15 (39),0.32(-0.02),0.93(-0.03),-0.77(-1.12),0.0068( 0.0008),0.0065(-0.0009),-5.5512( -6.6512),0.00( -0.09),"[39, 27, 2, 15, 11, 3, 3]",All Stocks
ELP,2025-12-24,15 (39),0.32(-0.02),0.93(-0.03),-0.77(-1.12),0.0068( 0.0008),0.0065(-0.0009),-5.5512( -6.6512),0.00( -0.09),"[39, 27, 2, 15, 11, 3, 3]",ADRs
ELP,2025-12-24,15 (39),0.32(-0.02),0.93(-0.03),-0.77(-1.12),0.0068( 0.0008),0.0065(-0.0009),-5.5512( -6.6512),0.00( -0.09),"[39, 27, 2, 15, 11, 3, 3]",Energy
ENEV3,2026-01-15,94 (60),0.80( 0.70),-0.42(-0.52),-0.68(-0.78),0.0063( 0.0036),0.0037( 0.0035),5.8278(  4.8278),0.42(  0.41),"[0, 6, 0, 59, 17, 17, 0]",All Stocks
ENEV3,2026-01-15,94 (60),0.80( 0.70),-0.42(-0.52),-0.68(-0.78),0.0063( 0.0036),0.0037( 0.0035),5.8278(  4.8278),0.42(  0.41),"[0, 6, 0, 59, 17, 17, 0]",Stocks to buy
ENEV3,2026-01-15,94 (60),0.80( 0.70),-0.42(-0.52),-0.68(-0.78),0.0063( 0.0036),0.0037( 0.0035),5.8278(  4.8278),0.42(  0.41),"[0, 6, 0, 59, 17, 17, 0]",STRONG BUY
ENEV3,2026-01-15,94 (60),0.80( 0.70),-0.42(-0.52),-0.68(-0.78),0.0063( 0.0036),0.0037( 0.0035),5.8278(  4.8278),0.42(  0.41),"[0, 6, 0, 59, 17, 17, 0]",Energy
ENEV3,2026-01-15,94 (60),0.80( 0.70),-0.42(-0.52),-0.68(-0.78),0.0063( 0.0036),0.0037( 0.0035),5.8278(  4.8278),0.42(  0.41),"[0, 6, 0, 59, 17, 17, 0]",Brazilian Energy
EQTL3,2026-01-15,89 (88),0.10(-0.00),1.00( 0.90),1.00( 0.90),0.0055( 0.0047),0.0141( 0.0078),-0.6202( -3.1202),0.15(  0.09),"[2, 0, 1, 27, 31, 9, 29]",All Stocks
EQTL3,2026-01-15,89 (88),0.10(-0.00),1.00( 0.90),1.00( 0.90),0.0055( 0.0047),0.0141( 0.0078),-0.6202( -3.1202),0.15(  0.09),"[2, 0, 1, 27, 31, 9, 29]",Stocks to buy
EQTL3,2026-01-15,89 (88),0.10(-0.00),1.00( 0.90),1.00( 0.90),0.0055( 0.0047),0.0141( 0.0078),-0.6202( -3.1202),0.15(  0.09),"[2, 0, 1, 27, 31, 9, 29]",STRONG BUY
EQTL3,2026-01-15,89 (88),0.10(-0.00),1.00( 0.90),1.00( 0.90),0.0055( 0.0047),0.0141( 0.0078),-0.6202( -3.1202),0.15(  0.09),"[2, 0, 1, 27, 31, 9, 29]",Energy
EQTL3,2026-01-15,89 (88),0.10(-0.00),1.00( 0.90),1.00( 0.90),0.0055( 0.0047),0.0141( 0.0078),-0.6202( -3.1202),0.15(  0.09),"[2, 0, 1, 27, 31, 9, 29]",Brazilian Energy
EWZ,2026-01-15,42 (95),0.71( 0.17),-0.87(-0.97),0.44( 0.04),0.0052(-0.0008),0.0043( 0.0022),6.3076(  4.6076),0.34(  0.33),"[34, 0, 3, 58, 2, 2, 0]",All Stocks
EWZ,2026-01-15,42 (95),0.71( 0.17),-0.87(-0.97),0.44( 0.04),0.0052(-0.0008),0.0043( 0.0022),6.3076(  4.6076),0.34(  0.33),"[34, 0, 3, 58, 2, 2, 0]",Indexes
EWZ,2026-01-15,42 (95),0.71( 0.17),-0.87(-0.97),0.44( 0.04),0.0052(-0.0008),0.0043( 0.0022),6.3076(  4.6076),0.34(  0.33),"[34, 0, 3, 58, 2, 2, 0]",Brazilian Indexes
FBZ,2026-01-09,12 (82),-0.32(-0.44),0.29(-0.57),-0.06(-0.54),-0.0022(-0.0024),-0.0014(-0.0018),-2.9647( -5.6647),0.40(  0.03),"[6, 4, 4, 5, 63, 5, 12]",All Stocks
FBZ,2026-01-09,12 (82),-0.32(-0.44),0.29(-0.57),-0.06(-0.54),-0.0022(-0.0024),-0.0014(-0.0018),-2.9647( -5.6647),0.40(  0.03),"[6, 4, 4, 5, 63, 5, 12]",Indexes
FBZ,2026-01-09,12 (82),-0.32(-0.44),0.29(-0.57),-0.06(-0.54),-0.0022(-0.0024),-0.0014(-0.0018),-2.9647( -5.6647),0.40(  0.03),"[6, 4, 4, 5, 63, 5, 12]",Brazilian Indexes
FLBR,2026-01-15,86 (70),-0.23(-0.33),-0.96(-1.56),-1.00(-1.10),0.0021( 0.0020),0.0109( 0.0088),5.0047(  1.6047),0.90(  0.89),"[5, 5, 4, 5, 70, 5, 5]",All Stocks
FLBR,2026-01-15,86 (70),-0.23(-0.33),-0.96(-1.56),-1.00(-1.10),0.0021( 0.0020),0.0109( 0.0088),5.0047(  1.6047),0.90(  0.89),"[5, 5, 4, 5, 70, 5, 5]",Stocks to buy
FLBR,2026-01-15,86 (70),-0.23(-0.33),-0.96(-1.56),-1.00(-1.10),0.0021( 0.0020),0.0109( 0.0088),5.0047(  1.6047),0.90(  0.89),"[5, 5, 4, 5, 70, 5, 5]",STRONG BUY
FLBR,2026-01-15,86 (70),-0.23(-0.33),-0.96(-1.56),-1.00(-1.10),0.0021( 0.0020),0.0109( 0.0088),5.0047(  1.6047),0.90(  0.89),"[5, 5, 4, 5, 70, 5, 5]",Indexes
FLBR,2026-01-15,86 (70),-0.23(-0.33),-0.96(-1.56),-1.00(-1.10),0.0021( 0.0020),0.0109( 0.0088),5.0047(  1.6047),0.90(  0.89),"[5, 5, 4, 5, 70, 5, 5]",Brazilian Indexes
GGBR3,2026-01-15,86 (52),-1.00(-1.10),-0.23(-1.11),-1.00(-1.10),0.0040( 0.0037),0.0033( 0.0019),6.1255(  1.9255),0.94(  0.93),"[0, 14, 0, 44, 37, 2, 3]",All Stocks
GGBR3,2026-01-15,86 (52),-1.00(-1.10),-0.23(-1.11),-1.00(-1.10),0.0040( 0.0037),0.0033( 0.0019),6.1255(  1.9255),0.94(  0.93),"[0, 14, 0, 44, 37, 2, 3]",Stocks to buy
GGBR3,2026-01-15,86 (52),-1.00(-1.10),-0.23(-1.11),-1.00(-1.10),0.0040( 0.0037),0.0033( 0.0019),6.1255(  1.9255),0.94(  0.93),"[0, 14, 0, 44, 37, 2, 3]",STRONG BUY
GGBR4,2026-01-15,5 (75),-0.90(-1.00),-0.98(-1.46),-1.00(-1.90),0.0008(-0.0027),-0.0030(-0.0032),5.1364(  2.3364),0.84(  0.83),"[6, 8, 4, 75, 2, 3, 2]",All Stocks
GOAU3,2026-01-15,93 (66),0.04(-0.13),-0.99(-1.94),-1.00(-1.10),0.0141( 0.0137),0.0268( 0.0253),5.0986( -0.7014),0.94(  0.93),"[4, 0, 0, 28, 56, 3, 9]",All Stocks
GOAU3,2026-01-15,93 (66),0.04(-0.13),-0.99(-1.94),-1.00(-1.10),0.0141( 0.0137),0.0268( 0.0253),5.0986( -0.7014),0.94(  0.93),"[4, 0, 0, 28, 56, 3, 9]",Stocks to buy
GOAU3,2026-01-15,93 (66),0.04(-0.13),-0.99(-1.94),-1.00(-1.10),0.0141( 0.0137),0.0268( 0.0253),5.0986( -0.7014),0.94(  0.93),"[4, 0, 0, 28, 56, 3, 9]",STRONG BUY
GOAU4,2026-01-15,18 (69),-0.50(-0.65),0.23(-0.11),-1.00(-1.10),0.0027( 0.0022),-0.0125(-0.0139),5.4413(  1.3413),0.88(  0.87),"[8, 61, 8, 7, 6, 5, 6]",All Stocks
GOOG,2026-01-15,100 (75),-0.94(-1.04),1.00( 0.90),1.00( 0.00),0.0118( 0.0097),0.0115( 0.0071),5.5968(  2.0968),0.87(  0.35),"[0, 0, 15, 3, 10, 5, 67]",All Stocks
GOOG,2026-01-15,100 (75),-0.94(-1.04),1.00( 0.90),1.00( 0.00),0.0118( 0.0097),0.0115( 0.0071),5.5968(  2.0968),0.87(  0.35),"[0, 0, 15, 3, 10, 5, 67]",Stocks to buy
GOOG,2026-01-15,100 (75),-0.94(-1.04),1.00( 0.90),1.00( 0.00),0.0118( 0.0097),0.0115( 0.0071),5.5968(  2.0968),0.87(  0.35),"[0, 0, 15, 3, 10, 5, 67]",STRONG BUY
GOOG,2026-01-15,100 (75),-0.94(-1.04),1.00( 0.90),1.00( 0.00),0.0118( 0.0097),0.0115( 0.0071),5.5968(  2.0968),0.87(  0.35),"[0, 0, 15, 3, 10, 5, 67]",American stocks
GOOG,2026-01-15,100 (75),-0.94(-1.04),1.00( 0.90),1.00( 0.00),0.0118( 0.0097),0.0115( 0.0071),5.5968(  2.0968),0.87(  0.35),"[0, 0, 15, 3, 10, 5, 67]",Technology
GOOGL,2026-01-15,65 (35),-0.15(-0.27),1.00( 0.01),1.00( 0.46),0.0075( 0.0013),0.0127( 0.0076),8.4020(  5.5020),0.44( -0.00),"[2, 9, 0, 26, 23, 7, 34]",All Stocks
GOOGL,2026-01-15,65 (35),-0.15(-0.27),1.00( 0.01),1.00( 0.46),0.0075( 0.0013),0.0127( 0.0076),8.4020(  5.5020),0.44( -0.00),"[2, 9, 0, 26, 23, 7, 34]",Stocks to buy
GOOGL,2026-01-15,65 (35),-0.15(-0.27),1.00( 0.01),1.00( 0.46),0.0075( 0.0013),0.0127( 0.0076),8.4020(  5.5020),0.44( -0.00),"[2, 9, 0, 26, 23, 7, 34]",American stocks
GOOGL,2026-01-15,65 (35),-0.15(-0.27),1.00( 0.01),1.00( 0.46),0.0075( 0.0013),0.0127( 0.0076),8.4020(  5.5020),0.44( -0.00),"[2, 9, 0, 26, 23, 7, 34]",Technology
GS,2026-01-15,100 (100),1.00( 0.44),1.00( 0.90),1.00( 0.90),-0.0048(-0.0049),-0.0001(-0.0021),2.0888( -0.2112),0.47(  0.46),"[0, 100, 0, 0, 0, 0, 0]",All Stocks
GS,2026-01-15,100 (100),1.00( 0.44),1.00( 0.90),1.00( 0.90),-0.0048(-0.0049),-0.0001(-0.0021),2.0888( -0.2112),0.47(  0.46),"[0, 100, 0, 0, 0, 0, 0]",Stocks to buy
GS,2026-01-15,100 (100),1.00( 0.44),1.00( 0.90),1.00( 0.90),-0.0048(-0.0049),-0.0001(-0.0021),2.0888( -0.2112),0.47(  0.46),"[0, 100, 0, 0, 0, 0, 0]",STRONG BUY
GS,2026-01-15,100 (100),1.00( 0.44),1.00( 0.90),1.00( 0.90),-0.0048(-0.0049),-0.0001(-0.0021),2.0888( -0.2112),0.47(  0.46),"[0, 100, 0, 0, 0, 0, 0]",American stocks
GS,2026-01-15,100 (100),1.00( 0.44),1.00( 0.90),1.00( 0.90),-0.0048(-0.0049),-0.0001(-0.0021),2.0888( -0.2112),0.47(  0.46),"[0, 100, 0, 0, 0, 0, 0]",Finance
HSBC,2026-01-15,9 (82),-0.31(-0.44),-0.23(-0.55),0.30( 0.20),0.0009(-0.0008),0.0005( 0.0004),0.5090( -4.7910),0.90(  0.07),"[2, 4, 1, 82, 4, 3, 4]",All Stocks
HSBC,2026-01-15,9 (82),-0.31(-0.44),-0.23(-0.55),0.30( 0.20),0.0009(-0.0008),0.0005( 0.0004),0.5090( -4.7910),0.90(  0.07),"[2, 4, 1, 82, 4, 3, 4]",Finance
HYPE3,2026-01-15,45 (48),-0.78(-0.88),-0.90(-1.67),-1.00(-2.00),-0.0066(-0.0072),-0.0072(-0.0099),-5.0516( -6.0516),0.70(  0.52),"[0, 0, 0, 2, 5, 48, 45]",All Stocks
INTC,2026-01-15,3 (76),-1.00(-1.58),-1.00(-1.61),-1.00(-1.10),-0.0018(-0.0043),0.0047( 0.0017),6.8933(  5.7933),0.28( -0.13),"[7, 4, 1, 9, 2, 1, 75]",All Stocks
INTC,2026-01-15,3 (76),-1.00(-1.58),-1.00(-1.61),-1.00(-1.10),-0.0018(-0.0043),0.0047( 0.0017),6.8933(  5.7933),0.28( -0.13),"[7, 4, 1, 9, 2, 1, 75]",Technology
IRBR3,2026-01-15,32 (58),0.20(-0.26),0.51( 0.03),0.68( 0.13),0.0090( 0.0068),-0.0047(-0.0049),-1.8370( -7.8370),0.57(  0.05),"[20, 8, 7, 8, 26, 22, 9]",All Stocks
ITSA3,2026-01-15,32 (63),-0.26(-0.43),0.99( 0.02),-1.00(-1.30),0.0007(-0.0001),0.0050(-0.0044),2.7487(  1.6487),0.47(  0.46),"[2, 30, 2, 30, 34, 2, 0]",All Stocks
ITSA3,2026-01-15,32 (63),-0.26(-0.43),0.99( 0.02),-1.00(-1.30),0.0007(-0.0001),0.0050(-0.0044),2.7487(  1.6487),0.47(  0.46),"[2, 30, 2, 30, 34, 2, 0]",Finance
ITSA3,2026-01-15,32 (63),-0.26(-0.43),0.99( 0.02),-1.00(-1.30),0.0007(-0.0001),0.0050(-0.0044),2.7487(  1.6487),0.47(  0.46),"[2, 30, 2, 30, 34, 2, 0]",Brazilian Finance
ITSA4,2026-01-15,80 (68),-0.29(-0.42),-0.05(-0.15),-1.00(-1.23),0.0027( 0.0019),0.0073( 0.0072),5.7019(  4.3019),0.97(  0.91),"[5, 10, 5, 53, 10, 8, 10]",All Stocks
ITSA4,2026-01-15,80 (68),-0.29(-0.42),-0.05(-0.15),-1.00(-1.23),0.0027( 0.0019),0.0073( 0.0072),5.7019(  4.3019),0.97(  0.91),"[5, 10, 5, 53, 10, 8, 10]",Stocks to buy
ITSA4,2026-01-15,80 (68),-0.29(-0.42),-0.05(-0.15),-1.00(-1.23),0.0027( 0.0019),0.0073( 0.0072),5.7019(  4.3019),0.97(  0.91),"[5, 10, 5, 53, 10, 8, 10]",STRONG BUY
ITSA4,2026-01-15,80 (68),-0.29(-0.42),-0.05(-0.15),-1.00(-1.23),0.0027( 0.0019),0.0073( 0.0072),5.7019(  4.3019),0.97(  0.91),"[5, 10, 5, 53, 10, 8, 10]",Finance
ITSA4,2026-01-15,80 (68),-0.29(-0.42),-0.05(-0.15),-1.00(-1.23),0.0027( 0.0019),0.0073( 0.0072),5.7019(  4.3019),0.97(  0.91),"[5, 10, 5, 53, 10, 8, 10]",Brazilian Finance
ITUB,2026-01-15,62 (63),-0.66(-0.76),0.99( 0.89),1.00( 0.90),0.0018( 0.0012),0.0000(-0.0045),3.8628(  1.7628),0.39(  0.38),"[0, 0, 0, 35, 38, 27, 0]",All Stocks
ITUB,2026-01-15,62 (63),-0.66(-0.76),0.99( 0.89),1.00( 0.90),0.0018( 0.0012),0.0000(-0.0045),3.8628(  1.7628),0.39(  0.38),"[0, 0, 0, 35, 38, 27, 0]",Brazilian biggest stocks
ITUB,2026-01-15,62 (63),-0.66(-0.76),0.99( 0.89),1.00( 0.90),0.0018( 0.0012),0.0000(-0.0045),3.8628(  1.7628),0.39(  0.38),"[0, 0, 0, 35, 38, 27, 0]",ADRs
ITUB,2026-01-15,62 (63),-0.66(-0.76),0.99( 0.89),1.00( 0.90),0.0018( 0.0012),0.0000(-0.0045),3.8628(  1.7628),0.39(  0.38),"[0, 0, 0, 35, 38, 27, 0]",Finance
ITUB,2026-01-15,62 (63),-0.66(-0.76),0.99( 0.89),1.00( 0.90),0.0018( 0.0012),0.0000(-0.0045),3.8628(  1.7628),0.39(  0.38),"[0, 0, 0, 35, 38, 27, 0]",Brazilian Finance
ITUB4,2026-01-15,75 (46),0.44( 0.24),-0.97(-1.07),-1.00(-1.10),0.0050( 0.0049),0.0053( 0.0035),-0.0063( -1.1063),0.40(  0.39),"[30, 0, 0, 0, 46, 25, 0]",All Stocks
ITUB4,2026-01-15,75 (46),0.44( 0.24),-0.97(-1.07),-1.00(-1.10),0.0050( 0.0049),0.0053( 0.0035),-0.0063( -1.1063),0.40(  0.39),"[30, 0, 0, 0, 46, 25, 0]",Stocks to buy
ITUB4,2026-01-15,75 (46),0.44( 0.24),-0.97(-1.07),-1.00(-1.10),0.0050( 0.0049),0.0053( 0.0035),-0.0063( -1.1063),0.40(  0.39),"[30, 0, 0, 0, 46, 25, 0]",STRONG BUY
ITUB4,2026-01-15,75 (46),0.44( 0.24),-0.97(-1.07),-1.00(-1.10),0.0050( 0.0049),0.0053( 0.0035),-0.0063( -1.1063),0.40(  0.39),"[30, 0, 0, 0, 46, 25, 0]",Brazilian biggest stocks
ITUB4,2026-01-15,75 (46),0.44( 0.24),-0.97(-1.07),-1.00(-1.10),0.0050( 0.0049),0.0053( 0.0035),-0.0063( -1.1063),0.40(  0.39),"[30, 0, 0, 0, 46, 25, 0]",Finance
ITUB4,2026-01-15,75 (46),0.44( 0.24),-0.97(-1.07),-1.00(-1.10),0.0050( 0.0049),0.0053( 0.0035),-0.0063( -1.1063),0.40(  0.39),"[30, 0, 0, 0, 46, 25, 0]",Brazilian Finance
IVVB1,2026-01-15,23 (47),0.45( 0.14),0.69(-0.06),-1.00(-1.10),-0.0019(-0.0041),0.0037(-0.0034),-1.1837( -7.2837),0.03(  0.02),"[16, 10, 0, 21, 0, 47, 6]",All Stocks
IVVB1,2026-01-15,23 (47),0.45( 0.14),0.69(-0.06),-1.00(-1.10),-0.0019(-0.0041),0.0037(-0.0034),-1.1837( -7.2837),0.03(  0.02),"[16, 10, 0, 21, 0, 47, 6]",Indexes
JNJ,2026-01-15,71 (48),-1.00(-1.10),-0.68(-0.78),1.00( 0.90),0.0031( 0.0030),0.0037( 0.0035),4.2215( -0.6785),0.43(  0.42),"[2, 9, 0, 48, 22, 18, 0]",All Stocks
JNJ,2026-01-15,71 (48),-1.00(-1.10),-0.68(-0.78),1.00( 0.90),0.0031( 0.0030),0.0037( 0.0035),4.2215( -0.6785),0.43(  0.42),"[2, 9, 0, 48, 22, 18, 0]",Stocks to buy
JNJ,2026-01-15,71 (48),-1.00(-1.10),-0.68(-0.78),1.00( 0.90),0.0031( 0.0030),0.0037( 0.0035),4.2215( -0.6785),0.43(  0.42),"[2, 9, 0, 48, 22, 18, 0]",STRONG BUY
JNJ,2026-01-15,71 (48),-1.00(-1.10),-0.68(-0.78),1.00( 0.90),0.0031( 0.0030),0.0037( 0.0035),4.2215( -0.6785),0.43(  0.42),"[2, 9, 0, 48, 22, 18, 0]",American stocks
JNJ,2026-01-15,71 (48),-1.00(-1.10),-0.68(-0.78),1.00( 0.90),0.0031( 0.0030),0.0037( 0.0035),4.2215( -0.6785),0.43(  0.42),"[2, 9, 0, 48, 22, 18, 0]",Health
JPM,2026-01-15,0 (99),0.42( 0.26),0.96( 0.86),0.43(-0.12),0.0006(-0.0003),0.0002(-0.0023),-0.9828( -1.9828),0.39(  0.35),"[0, 0, 2, 69, 25, 4, 0]",All Stocks
JPM,2026-01-15,0 (99),0.42( 0.26),0.96( 0.86),0.43(-0.12),0.0006(-0.0003),0.0002(-0.0023),-0.9828( -1.9828),0.39(  0.35),"[0, 0, 2, 69, 25, 4, 0]",Finance
KLBN1,2026-01-15,20 (68),0.05(-0.26),0.99(-0.00),1.00( 0.02),0.0025(-0.0051),0.0016(-0.0009),-0.7686( -7.0686),0.05( -0.76),"[21, 3, 20, 10, 4, 23, 20]",All Stocks
KLBN3,2026-01-15,7 (38),-0.56(-1.36),0.90(-0.09),1.00( 0.00),-0.0014(-0.0070),0.0030(-0.0129),-3.3851( -6.6851),0.34( -0.04),"[26, 18, 7, 12, 17, 20, 0]",All Stocks
KLBN4,2026-01-15,0 (55),-0.31(-0.42),0.93(-0.03),1.00( 0.90),0.0033(-0.0035),0.0008(-0.0072),0.0571( -5.6429),0.52( -0.01),"[34, 22, 0, 0, 21, 23, 0]",All Stocks
KO,2026-01-15,51 (72),-0.00(-0.13),-0.49(-0.95),-1.00(-1.88),0.0000(-0.0005),0.0012( 0.0009),4.6320(  0.1320),0.54(  0.10),"[2, 2, 43, 1, 25, 1, 25]",All Stocks
KO,2026-01-15,51 (72),-0.00(-0.13),-0.49(-0.95),-1.00(-1.88),0.0000(-0.0005),0.0012( 0.0009),4.6320(  0.1320),0.54(  0.10),"[2, 2, 43, 1, 25, 1, 25]",Consumer Goods
LEVE3,2026-01-15,72 (73),-0.43(-0.55),0.64( 0.37),-1.00(-1.13),-0.0010(-0.0021),0.0011( 0.0009),-4.0483( -9.6483),0.38(  0.02),"[8, 53, 4, 8, 2, 8, 17]",All Stocks
LLY,2026-01-15,27 (59),1.00( 0.26),1.00( 0.90),1.00( 0.90),-0.0006(-0.0029),0.0040(-0.0009),0.4208( -5.7792),0.21(  0.16),"[26, 0, 0, 32, 38, 3, 1]",All Stocks
LLY,2026-01-15,27 (59),1.00( 0.26),1.00( 0.90),1.00( 0.90),-0.0006(-0.0029),0.0040(-0.0009),0.4208( -5.7792),0.21(  0.16),"[26, 0, 0, 32, 38, 3, 1]",Health
MA,2026-01-15,75 (75),0.73( 0.18),-0.56(-0.67),1.00( 0.90),0.0036( 0.0035),0.0172( 0.0020),-0.4098( -9.2098),0.53(  0.00),"[12, 23, 0, 18, 27, 2, 17]",All Stocks
MA,2026-01-15,75 (75),0.73( 0.18),-0.56(-0.67),1.00( 0.90),0.0036( 0.0035),0.0172( 0.0020),-0.4098( -9.2098),0.53(  0.00),"[12, 23, 0, 18, 27, 2, 17]",Stocks to buy
MA,2026-01-15,75 (75),0.73( 0.18),-0.56(-0.67),1.00( 0.90),0.0036( 0.0035),0.0172( 0.0020),-0.4098( -9.2098),0.53(  0.00),"[12, 23, 0, 18, 27, 2, 17]",STRONG BUY
MA,2026-01-15,75 (75),0.73( 0.18),-0.56(-0.67),1.00( 0.90),0.0036( 0.0035),0.0172( 0.0020),-0.4098( -9.2098),0.53(  0.00),"[12, 23, 0, 18, 27, 2, 17]",American stocks
MA,2026-01-15,75 (75),0.73( 0.18),-0.56(-0.67),1.00( 0.90),0.0036( 0.0035),0.0172( 0.0020),-0.4098( -9.2098),0.53(  0.00),"[12, 23, 0, 18, 27, 2, 17]",Finance
META,2026-01-15,21 (69),1.00( 0.21),0.97( 0.00),1.00( 0.90),0.0002(-0.0023),0.0100(-0.0223),0.7868( -4.1132),0.08( -0.21),"[0, 21, 0, 2, 0, 69, 8]",All Stocks
META,2026-01-15,21 (69),1.00( 0.21),0.97( 0.00),1.00( 0.90),0.0002(-0.0023),0.0100(-0.0223),0.7868( -4.1132),0.08( -0.21),"[0, 21, 0, 2, 0, 69, 8]",Technology
META,2026-01-15,21 (69),1.00( 0.21),0.97( 0.00),1.00( 0.90),0.0002(-0.0023),0.0100(-0.0223),0.7868( -4.1132),0.08( -0.21),"[0, 21, 0, 2, 0, 69, 8]",Consumer Goods
MGLU3,2026-01-15,12 (61),-0.01(-0.11),-0.96(-1.06),-1.00(-1.10),0.0062( 0.0059),-0.0389(-0.0937),-1.6559( -6.9559),0.01( -0.02),"[0, 0, 0, 12, 0, 60, 28]",All Stocks
MGLU3,2026-01-15,12 (61),-0.01(-0.11),-0.96(-1.06),-1.00(-1.10),0.0062( 0.0059),-0.0389(-0.0937),-1.6559( -6.9559),0.01( -0.02),"[0, 0, 0, 12, 0, 60, 28]",Consumer Goods
MMM,2026-01-15,58 (43),-0.92(-1.02),0.07(-0.39),-1.00(-1.75),0.0019( 0.0016),0.0025( 0.0007),7.7906(  5.5906),0.98(  0.97),"[5, 36, 1, 9, 43, 3, 4]",All Stocks
MMM,2026-01-15,58 (43),-0.92(-1.02),0.07(-0.39),-1.00(-1.75),0.0019( 0.0016),0.0025( 0.0007),7.7906(  5.5906),0.98(  0.97),"[5, 36, 1, 9, 43, 3, 4]",Stocks to buy
MMM,2026-01-15,58 (43),-0.92(-1.02),0.07(-0.39),-1.00(-1.75),0.0019( 0.0016),0.0025( 0.0007),7.7906(  5.5906),0.98(  0.97),"[5, 36, 1, 9, 43, 3, 4]",American stocks
MSFT,2026-01-15,0 (48),0.70(-0.07),0.83(-0.11),1.00(-0.00),0.0005(-0.0012),0.0163(-0.0023),-1.4631( -2.7631),0.55( -0.02),"[9, 48, 3, 14, 3, 0, 22]",All Stocks
MSFT,2026-01-15,0 (48),0.70(-0.07),0.83(-0.11),1.00(-0.00),0.0005(-0.0012),0.0163(-0.0023),-1.4631( -2.7631),0.55( -0.02),"[9, 48, 3, 14, 3, 0, 22]",Technology
NEOE3,2026-01-15,12 (89),-1.00(-1.33),0.92(-0.06),1.00( 0.90),-0.0048(-0.0059),-0.0004(-0.0034),-1.6473( -2.6473),0.44(  0.43),"[4, 12, 6, 59, 6, 7, 6]",All Stocks
NEOE3,2026-01-15,12 (89),-1.00(-1.33),0.92(-0.06),1.00( 0.90),-0.0048(-0.0059),-0.0004(-0.0034),-1.6473( -2.6473),0.44(  0.43),"[4, 12, 6, 59, 6, 7, 6]",Energy
NEOE3,2026-01-15,12 (89),-1.00(-1.33),0.92(-0.06),1.00( 0.90),-0.0048(-0.0059),-0.0004(-0.0034),-1.6473( -2.6473),0.44(  0.43),"[4, 12, 6, 59, 6, 7, 6]",Brazilian Energy
NFLX,2026-01-15,1 (43),0.60(-0.00),0.94(-0.03),0.38(-0.62),0.0123( 0.0059),0.0179(-0.0006),-1.9998( -8.0999),0.10( -0.88),"[20, 6, 4, 1, 23, 9, 36]",All Stocks
NFLX,2026-01-15,1 (43),0.60(-0.00),0.94(-0.03),0.38(-0.62),0.0123( 0.0059),0.0179(-0.0006),-1.9998( -8.0999),0.10( -0.88),"[20, 6, 4, 1, 23, 9, 36]",Technology
NU,2026-01-15,40 (40),-0.85(-0.95),-0.61(-0.76),0.44(-0.01),0.0036( 0.0012),0.0119(-0.0137),0.0959( -1.1041),0.39(  0.08),"[0, 13, 13, 16, 19, 15, 23]",All Stocks
NU,2026-01-15,40 (40),-0.85(-0.95),-0.61(-0.76),0.44(-0.01),0.0036( 0.0012),0.0119(-0.0137),0.0959( -1.1041),0.39(  0.08),"[0, 13, 13, 16, 19, 15, 23]",Stocks to buy
NU,2026-01-15,40 (40),-0.85(-0.95),-0.61(-0.76),0.44(-0.01),0.0036( 0.0012),0.0119(-0.0137),0.0959( -1.1041),0.39(  0.08),"[0, 13, 13, 16, 19, 15, 23]",ADRs
NU,2026-01-15,40 (40),-0.85(-0.95),-0.61(-0.76),0.44(-0.01),0.0036( 0.0012),0.0119(-0.0137),0.0959( -1.1041),0.39(  0.08),"[0, 13, 13, 16, 19, 15, 23]",Finance
NU,2026-01-15,40 (40),-0.85(-0.95),-0.61(-0.76),0.44(-0.01),0.0036( 0.0012),0.0119(-0.0137),0.0959( -1.1041),0.39(  0.08),"[0, 13, 13, 16, 19, 15, 23]",Brazilian Finance
NVDA,2026-01-15,95 (60),0.66( 0.00),-1.00(-1.10),1.00( 0.90),0.0077( 0.0001),0.0145( 0.0120),-3.6442( -6.8442),0.01( -0.09),"[3, 0, 0, 56, 35, 0, 5]",All Stocks
NVDA,2026-01-15,95 (60),0.66( 0.00),-1.00(-1.10),1.00( 0.90),0.0077( 0.0001),0.0145( 0.0120),-3.6442( -6.8442),0.01( -0.09),"[3, 0, 0, 56, 35, 0, 5]",Stocks to buy
NVDA,2026-01-15,95 (60),0.66( 0.00),-1.00(-1.10),1.00( 0.90),0.0077( 0.0001),0.0145( 0.0120),-3.6442( -6.8442),0.01( -0.09),"[3, 0, 0, 56, 35, 0, 5]",STRONG BUY
NVDA,2026-01-15,95 (60),0.66( 0.00),-1.00(-1.10),1.00( 0.90),0.0077( 0.0001),0.0145( 0.0120),-3.6442( -6.8442),0.01( -0.09),"[3, 0, 0, 56, 35, 0, 5]",American stocks
NVDA,2026-01-15,95 (60),0.66( 0.00),-1.00(-1.10),1.00( 0.90),0.0077( 0.0001),0.0145( 0.0120),-3.6442( -6.8442),0.01( -0.09),"[3, 0, 0, 56, 35, 0, 5]",Technology
PBR,2026-01-15,0 (29),0.20(-0.00),-0.89(-0.99),-0.66(-1.56),0.0013(-0.0011),0.0037(-0.0028),4.1650( -4.7350),0.49(  0.48),"[23, 10, 19, 24, 24, 0, 0]",All Stocks
PBR,2026-01-15,0 (29),0.20(-0.00),-0.89(-0.99),-0.66(-1.56),0.0013(-0.0011),0.0037(-0.0028),4.1650( -4.7350),0.49(  0.48),"[23, 10, 19, 24, 24, 0, 0]",Brazilian biggest stocks
PBR,2026-01-15,0 (29),0.20(-0.00),-0.89(-0.99),-0.66(-1.56),0.0013(-0.0011),0.0037(-0.0028),4.1650( -4.7350),0.49(  0.48),"[23, 10, 19, 24, 24, 0, 0]",ADRs
PBR-A,2026-01-15,43 (62),0.29( 0.05),-0.72(-0.82),1.00( 0.90),0.0030(-0.0051),0.0120(-0.0145),3.4820( -4.5180),0.90(  0.78),"[22, 0, 0, 41, 16, 0, 21]",All Stocks
PBR-A,2026-01-15,43 (62),0.29( 0.05),-0.72(-0.82),1.00( 0.90),0.0030(-0.0051),0.0120(-0.0145),3.4820( -4.5180),0.90(  0.78),"[22, 0, 0, 41, 16, 0, 21]",Brazilian biggest stocks
PBR-A,2026-01-15,43 (62),0.29( 0.05),-0.72(-0.82),1.00( 0.90),0.0030(-0.0051),0.0120(-0.0145),3.4820( -4.5180),0.90(  0.78),"[22, 0, 0, 41, 16, 0, 21]",ADRs
PETR3,2026-01-15,0 (34),0.64(-0.03),-0.52(-0.75),-0.66(-1.66),0.0015(-0.0027),0.0028(-0.0005),2.0457( -5.6543),0.80( -0.18),"[34, 15, 4, 31, 16, 0, 0]",All Stocks
PETR3,2026-01-15,0 (34),0.64(-0.03),-0.52(-0.75),-0.66(-1.66),0.0015(-0.0027),0.0028(-0.0005),2.0457( -5.6543),0.80( -0.18),"[34, 15, 4, 31, 16, 0, 0]",Brazilian biggest stocks
PETR4,2026-01-15,0 (23),0.81(-0.08),0.91(-0.06),1.00( 0.90),0.0009(-0.0033),0.0035(-0.0005),2.1697( -5.6303),0.48( -0.00),"[20, 13, 0, 22, 23, 14, 7]",All Stocks
PETR4,2026-01-15,0 (23),0.81(-0.08),0.91(-0.06),1.00( 0.90),0.0009(-0.0033),0.0035(-0.0005),2.1697( -5.6303),0.48( -0.00),"[20, 13, 0, 22, 23, 14, 7]",Brazilian biggest stocks
PM,2026-01-15,72 (68),0.37( 0.26),-0.21(-1.14),1.00( 0.00),0.0040(-0.0008),-0.0018(-0.0033),4.2725(  0.4725),0.62(  0.22),"[2, 3, 66, 23, 2, 2, 2]",All Stocks
PM,2026-01-15,72 (68),0.37( 0.26),-0.21(-1.14),1.00( 0.00),0.0040(-0.0008),-0.0018(-0.0033),4.2725(  0.4725),0.62(  0.22),"[2, 3, 66, 23, 2, 2, 2]",Stocks to buy
PM,2026-01-15,72 (68),0.37( 0.26),-0.21(-1.14),1.00( 0.00),0.0040(-0.0008),-0.0018(-0.0033),4.2725(  0.4725),0.62(  0.22),"[2, 3, 66, 23, 2, 2, 2]",STRONG BUY
PM,2026-01-15,72 (68),0.37( 0.26),-0.21(-1.14),1.00( 0.00),0.0040(-0.0008),-0.0018(-0.0033),4.2725(  0.4725),0.62(  0.22),"[2, 3, 66, 23, 2, 2, 2]",American stocks
PRIO3,2026-01-15,57 (58),-0.29(-0.39),0.90( 0.45),1.00( 0.00),0.0059( 0.0006),0.0242(-0.0094),3.5285(  0.2285),0.46(  0.06),"[0, 7, 1, 20, 43, 23, 7]",All Stocks
PSSA3,2026-01-15,98 (78),1.00( 0.02),1.00( 0.90),1.00( 0.90),0.0069( 0.0024),0.0151( 0.0036),-4.1688(-11.4688),0.46(  0.00),"[20, 0, 0, 15, 54, 2, 9]",All Stocks
PSSA3,2026-01-15,98 (78),1.00( 0.02),1.00( 0.90),1.00( 0.90),0.0069( 0.0024),0.0151( 0.0036),-4.1688(-11.4688),0.46(  0.00),"[20, 0, 0, 15, 54, 2, 9]",Stocks to buy
PSSA3,2026-01-15,98 (78),1.00( 0.02),1.00( 0.90),1.00( 0.90),0.0069( 0.0024),0.0151( 0.0036),-4.1688(-11.4688),0.46(  0.00),"[20, 0, 0, 15, 54, 2, 9]",STRONG BUY
PSSA3,2026-01-15,98 (78),1.00( 0.02),1.00( 0.90),1.00( 0.90),0.0069( 0.0024),0.0151( 0.0036),-4.1688(-11.4688),0.46(  0.00),"[20, 0, 0, 15, 54, 2, 9]",Consumer Goods
PYPL,2026-01-15,22 (49),0.58( 0.11),0.68(-0.19),1.00( 0.00),0.0038(-0.0025),-0.0029(-0.0066),-3.4074( -7.3074),0.31( -0.14),"[18, 26, 4, 18, 25, 10, 0]",All Stocks
PYPL,2026-01-15,22 (49),0.58( 0.11),0.68(-0.19),1.00( 0.00),0.0038(-0.0025),-0.0029(-0.0066),-3.4074( -7.3074),0.31( -0.14),"[18, 26, 4, 18, 25, 10, 0]",Technology
QUAL3,2026-01-15,8 (52),1.00( 0.22),0.76(-0.16),-1.00(-1.10),0.0002(-0.0011),-0.0044(-0.0152),-2.7755( -4.0755),0.05( -0.76),"[8, 29, 0, 43, 6, 4, 10]",All Stocks
QUAL3,2026-01-15,8 (52),1.00( 0.22),0.76(-0.16),-1.00(-1.10),0.0002(-0.0011),-0.0044(-0.0152),-2.7755( -4.0755),0.05( -0.76),"[8, 29, 0, 43, 6, 4, 10]",Finance
QUAL3,2026-01-15,8 (52),1.00( 0.22),0.76(-0.16),-1.00(-1.10),0.0002(-0.0011),-0.0044(-0.0152),-2.7755( -4.0755),0.05( -0.76),"[8, 29, 0, 43, 6, 4, 10]",Brazilian Finance
QUAL3,2026-01-15,8 (52),1.00( 0.22),0.76(-0.16),-1.00(-1.10),0.0002(-0.0011),-0.0044(-0.0152),-2.7755( -4.0755),0.05( -0.76),"[8, 29, 0, 43, 6, 4, 10]",Health
QUAL3,2026-01-15,8 (52),1.00( 0.22),0.76(-0.16),-1.00(-1.10),0.0002(-0.0011),-0.0044(-0.0152),-2.7755( -4.0755),0.05( -0.76),"[8, 29, 0, 43, 6, 4, 10]",Consumer Goods
RADL3,2026-01-15,24 (33),-0.75(-1.16),0.99( 0.09),1.00( 0.05),0.0049(-0.0057),0.0098( 0.0036),0.2035( -1.1965),0.49(  0.24),"[27, 0, 4, 32, 5, 17, 14]",All Stocks
RADL3,2026-01-15,24 (33),-0.75(-1.16),0.99( 0.09),1.00( 0.05),0.0049(-0.0057),0.0098( 0.0036),0.2035( -1.1965),0.49(  0.24),"[27, 0, 4, 32, 5, 17, 14]",Health
RAIL3,2026-01-15,26 (29),-0.18(-0.28),-1.00(-1.10),-1.00(-1.10),0.0026(-0.0007),0.0027(-0.0010),0.3466( -4.3534),0.38(  0.02),"[0, 0, 0, 20, 29, 25, 26]",All Stocks
RAIL3,2026-01-15,26 (29),-0.18(-0.28),-1.00(-1.10),-1.00(-1.10),0.0026(-0.0007),0.0027(-0.0010),0.3466( -4.3534),0.38(  0.02),"[0, 0, 0, 20, 29, 25, 26]",Consumer Goods
SANB1,2026-01-15,66 (68),-1.00(-1.10),-1.00(-1.10),0.45( 0.34),0.0061( 0.0060),0.0027( 0.0024),-0.7601( -5.7601),0.42(  0.41),"[2, 2, 59, 6, 2, 29, 0]",All Stocks
SANB1,2026-01-15,66 (68),-1.00(-1.10),-1.00(-1.10),0.45( 0.34),0.0061( 0.0060),0.0027( 0.0024),-0.7601( -5.7601),0.42(  0.41),"[2, 2, 59, 6, 2, 29, 0]",Finance
SANB1,2026-01-15,66 (68),-1.00(-1.10),-1.00(-1.10),0.45( 0.34),0.0061( 0.0060),0.0027( 0.0024),-0.7601( -5.7601),0.42(  0.41),"[2, 2, 59, 6, 2, 29, 0]",Brazilian Finance
SANB3,2026-01-15,43 (44),0.72( 0.41),0.85( 0.40),1.00( 0.23),-0.0003(-0.0009),-0.0062(-0.0067),0.5365( -4.0635),0.51(  0.45),"[2, 35, 2, 37, 3, 18, 3]",All Stocks
SANB3,2026-01-15,43 (44),0.72( 0.41),0.85( 0.40),1.00( 0.23),-0.0003(-0.0009),-0.0062(-0.0067),0.5365( -4.0635),0.51(  0.45),"[2, 35, 2, 37, 3, 18, 3]",Finance
SANB3,2026-01-15,43 (44),0.72( 0.41),0.85( 0.40),1.00( 0.23),-0.0003(-0.0009),-0.0062(-0.0067),0.5365( -4.0635),0.51(  0.45),"[2, 35, 2, 37, 3, 18, 3]",Brazilian Finance
SANB4,2026-01-15,37 (53),0.49(-0.06),0.74( 0.36),1.00( 0.90),0.0066( 0.0042),0.0049( 0.0045),0.5094( -4.1906),0.51(  0.50),"[53, 8, 9, 10, 10, 11, 0]",All Stocks
SANB4,2026-01-15,37 (53),0.49(-0.06),0.74( 0.36),1.00( 0.90),0.0066( 0.0042),0.0049( 0.0045),0.5094( -4.1906),0.51(  0.50),"[53, 8, 9, 10, 10, 11, 0]",Finance
SANB4,2026-01-15,37 (53),0.49(-0.06),0.74( 0.36),1.00( 0.90),0.0066( 0.0042),0.0049( 0.0045),0.5094( -4.1906),0.51(  0.50),"[53, 8, 9, 10, 10, 11, 0]",Brazilian Finance
SAP,2026-01-15,0 (33),0.87(-0.06),1.00(-0.00),1.00( 0.90),0.0048(-0.0024),0.0060(-0.0154),4.3417( -0.5583),0.50( -0.05),"[17, 0, 0, 19, 33, 31, 0]",All Stocks
SAP,2026-01-15,0 (33),0.87(-0.06),1.00(-0.00),1.00( 0.90),0.0048(-0.0024),0.0060(-0.0154),4.3417( -0.5583),0.50( -0.05),"[17, 0, 0, 19, 33, 31, 0]",Technology
SAPR1,2026-01-15,91 (52),-1.00(-1.26),-1.00(-1.87),-1.00(-1.10),0.0043( 0.0037),0.0378( 0.0326),1.4137(  0.0137),0.97(  0.92),"[2, 3, 4, 3, 40, 4, 45]",All Stocks
SAPR1,2026-01-15,91 (52),-1.00(-1.26),-1.00(-1.87),-1.00(-1.10),0.0043( 0.0037),0.0378( 0.0326),1.4137(  0.0137),0.97(  0.92),"[2, 3, 4, 3, 40, 4, 45]",Stocks to buy
SAPR1,2026-01-15,91 (52),-1.00(-1.26),-1.00(-1.87),-1.00(-1.10),0.0043( 0.0037),0.0378( 0.0326),1.4137(  0.0137),0.97(  0.92),"[2, 3, 4, 3, 40, 4, 45]",STRONG BUY
SAPR3,2026-01-15,84 (67),-1.00(-1.16),-1.00(-1.90),-1.00(-1.28),0.0021( 0.0004),0.0055( 0.0022),4.8985(  3.6985),0.84(  0.82),"[4, 4, 7, 46, 13, 7, 18]",All Stocks
SAPR3,2026-01-15,84 (67),-1.00(-1.16),-1.00(-1.90),-1.00(-1.28),0.0021( 0.0004),0.0055( 0.0022),4.8985(  3.6985),0.84(  0.82),"[4, 4, 7, 46, 13, 7, 18]",Stocks to buy
SAPR3,2026-01-15,84 (67),-1.00(-1.16),-1.00(-1.90),-1.00(-1.28),0.0021( 0.0004),0.0055( 0.0022),4.8985(  3.6985),0.84(  0.82),"[4, 4, 7, 46, 13, 7, 18]",STRONG BUY
SAPR4,2026-01-15,65 (82),0.54( 0.12),-0.98(-1.08),1.00( 0.90),-0.0015(-0.0017),0.0084(-0.0003),7.9996(  6.6996),0.45(  0.44),"[55, 8, 0, 10, 17, 11, 0]",All Stocks
SBUX,2026-01-15,11 (49),-0.47(-1.27),0.90(-0.01),-1.00(-1.89),0.0026( 0.0004),0.0040(-0.0026),6.7002( -0.5998),0.46(  0.01),"[9, 10, 10, 11, 10, 49, 0]",All Stocks
SBUX,2026-01-15,11 (49),-0.47(-1.27),0.90(-0.01),-1.00(-1.89),0.0026( 0.0004),0.0040(-0.0026),6.7002( -0.5998),0.46(  0.01),"[9, 10, 10, 11, 10, 49, 0]",Consumer Goods
SIMH3,2026-01-15,43 (42),1.00( 0.01),1.00( 0.14),1.00( 0.90),-0.0005(-0.0028),-0.0035(-0.0057),6.1397(  4.4397),0.41(  0.03),"[23, 5, 2, 29, 28, 1, 11]",All Stocks
SIMH3,2026-01-15,43 (42),1.00( 0.01),1.00( 0.14),1.00( 0.90),-0.0005(-0.0028),-0.0035(-0.0057),6.1397(  4.4397),0.41(  0.03),"[23, 5, 2, 29, 28, 1, 11]",Stocks to buy
SO,2026-01-15,56 (53),-0.21(-0.39),0.14(-0.28),1.00( 0.90),0.0130( 0.0102),0.0141( 0.0128),-1.7535( -6.8535),0.42(  0.01),"[6, 17, 7, 14, 12, 21, 24]",All Stocks
SO,2026-01-15,56 (53),-0.21(-0.39),0.14(-0.28),1.00( 0.90),0.0130( 0.0102),0.0141( 0.0128),-1.7535( -6.8535),0.42(  0.01),"[6, 17, 7, 14, 12, 21, 24]",Stocks to buy
SO,2026-01-15,56 (53),-0.21(-0.39),0.14(-0.28),1.00( 0.90),0.0130( 0.0102),0.0141( 0.0128),-1.7535( -6.8535),0.42(  0.01),"[6, 17, 7, 14, 12, 21, 24]",American stocks
SO,2026-01-15,56 (53),-0.21(-0.39),0.14(-0.28),1.00( 0.90),0.0130( 0.0102),0.0141( 0.0128),-1.7535( -6.8535),0.42(  0.01),"[6, 17, 7, 14, 12, 21, 24]",Energy
TAEE1,2026-01-15,68 (65),0.81( 0.01),0.99( 0.17),1.00( 0.90),0.0074( 0.0045),0.0124( 0.0081),-4.1553( -5.1553),0.67(  0.58),"[3, 10, 0, 17, 18, 32, 19]",All Stocks
TAEE1,2026-01-15,68 (65),0.81( 0.01),0.99( 0.17),1.00( 0.90),0.0074( 0.0045),0.0124( 0.0081),-4.1553( -5.1553),0.67(  0.58),"[3, 10, 0, 17, 18, 32, 19]",Stocks to buy
TAEE1,2026-01-15,68 (65),0.81( 0.01),0.99( 0.17),1.00( 0.90),0.0074( 0.0045),0.0124( 0.0081),-4.1553( -5.1553),0.67(  0.58),"[3, 10, 0, 17, 18, 32, 19]",Energy
TAEE1,2026-01-15,68 (65),0.81( 0.01),0.99( 0.17),1.00( 0.90),0.0074( 0.0045),0.0124( 0.0081),-4.1553( -5.1553),0.67(  0.58),"[3, 10, 0, 17, 18, 32, 19]",Brazilian Energy
TAEE3,2026-01-15,93 (65),0.96( 0.31),0.84( 0.74),1.00( 0.90),0.0010( 0.0000),0.0028( 0.0025),-2.2557( -4.2557),0.16(  0.08),"[7, 6, 5, 4, 6, 7, 65]",All Stocks
TAEE3,2026-01-15,93 (65),0.96( 0.31),0.84( 0.74),1.00( 0.90),0.0010( 0.0000),0.0028( 0.0025),-2.2557( -4.2557),0.16(  0.08),"[7, 6, 5, 4, 6, 7, 65]",Stocks to buy
TAEE3,2026-01-15,93 (65),0.96( 0.31),0.84( 0.74),1.00( 0.90),0.0010( 0.0000),0.0028( 0.0025),-2.2557( -4.2557),0.16(  0.08),"[7, 6, 5, 4, 6, 7, 65]",STRONG BUY
TAEE3,2026-01-15,93 (65),0.96( 0.31),0.84( 0.74),1.00( 0.90),0.0010( 0.0000),0.0028( 0.0025),-2.2557( -4.2557),0.16(  0.08),"[7, 6, 5, 4, 6, 7, 65]",Energy
TAEE3,2026-01-15,93 (65),0.96( 0.31),0.84( 0.74),1.00( 0.90),0.0010( 0.0000),0.0028( 0.0025),-2.2557( -4.2557),0.16(  0.08),"[7, 6, 5, 4, 6, 7, 65]",Brazilian Energy
TAEE4,2026-01-15,60 (72),0.27(-0.33),0.03(-0.13),-1.00(-1.10),0.0043( 0.0042),0.0058( 0.0053),-3.1101( -4.2101),0.09(  0.06),"[3, 3, 3, 7, 22, 31, 31]",All Stocks
TAEE4,2026-01-15,60 (72),0.27(-0.33),0.03(-0.13),-1.00(-1.10),0.0043( 0.0042),0.0058( 0.0053),-3.1101( -4.2101),0.09(  0.06),"[3, 3, 3, 7, 22, 31, 31]",Energy
TAEE4,2026-01-15,60 (72),0.27(-0.33),0.03(-0.13),-1.00(-1.10),0.0043( 0.0042),0.0058( 0.0053),-3.1101( -4.2101),0.09(  0.06),"[3, 3, 3, 7, 22, 31, 31]",Brazilian Energy
TASA3,2026-01-15,0 (58),0.05(-0.38),0.99(-0.01),1.00( 0.90),0.0050(-0.0011),0.0084(-0.0147),6.8796( -0.0204),0.91( -0.00),"[58, 0, 0, 0, 42, 0, 0]",All Stocks
TASA4,2026-01-15,38 (37),0.25( 0.02),0.82(-0.18),-1.00(-2.00),0.0093(-0.0017),0.0311( 0.0271),6.6396( -0.0604),0.41( -0.04),"[22, 0, 15, 29, 16, 0, 19]",All Stocks
TASA4,2026-01-15,38 (37),0.25( 0.02),0.82(-0.18),-1.00(-2.00),0.0093(-0.0017),0.0311( 0.0271),6.6396( -0.0604),0.41( -0.04),"[22, 0, 15, 29, 16, 0, 19]",Stocks to buy
TSLA,2026-01-15,0 (75),0.73(-0.10),1.00( 0.90),1.00( 0.90),0.0010( 0.0006),0.0150(-0.0072),-1.8989( -8.1989),0.00( -0.58),"[0, 0, 0, 0, 25, 0, 75]",All Stocks
UBER,2026-01-15,31 (58),-0.86(-0.96),0.91( 0.31),-0.15(-0.25),0.0109(-0.0012),-0.0029(-0.0075),6.5637( -0.0363),0.83(  0.81),"[0, 19, 27, 16, 25, 1, 12]",All Stocks
UBER,2026-01-15,31 (58),-0.86(-0.96),0.91( 0.31),-0.15(-0.25),0.0109(-0.0012),-0.0029(-0.0075),6.5637( -0.0363),0.83(  0.81),"[0, 19, 27, 16, 25, 1, 12]",Consumer Goods
UBR,2026-01-15,96 (64),-0.19(-0.33),-0.75(-0.86),1.00( 0.06),0.0041( 0.0040),-0.0018(-0.0088),7.7101(  6.7101),0.32(  0.31),"[0, 1, 63, 28, 3, 5, 0]",All Stocks
UBR,2026-01-15,96 (64),-0.19(-0.33),-0.75(-0.86),1.00( 0.06),0.0041( 0.0040),-0.0018(-0.0088),7.7101(  6.7101),0.32(  0.31),"[0, 1, 63, 28, 3, 5, 0]",Stocks to buy
UBR,2026-01-15,96 (64),-0.19(-0.33),-0.75(-0.86),1.00( 0.06),0.0041( 0.0040),-0.0018(-0.0088),7.7101(  6.7101),0.32(  0.31),"[0, 1, 63, 28, 3, 5, 0]",STRONG BUY
UBR,2026-01-15,96 (64),-0.19(-0.33),-0.75(-0.86),1.00( 0.06),0.0041( 0.0040),-0.0018(-0.0088),7.7101(  6.7101),0.32(  0.31),"[0, 1, 63, 28, 3, 5, 0]",Indexes
UBR,2026-01-15,96 (64),-0.19(-0.33),-0.75(-0.86),1.00( 0.06),0.0041( 0.0040),-0.0018(-0.0088),7.7101(  6.7101),0.32(  0.31),"[0, 1, 63, 28, 3, 5, 0]",Brazilian Indexes
UDN,2026-01-15,22 (65),-0.24(-0.52),-0.97(-1.07),1.00( 0.06),-0.0001(-0.0009),0.0011( 0.0008),-5.5727( -9.2727),0.01( -0.01),"[14, 0, 11, 11, 11, 10, 43]",All Stocks
UDN,2026-01-15,22 (65),-0.24(-0.52),-0.97(-1.07),1.00( 0.06),-0.0001(-0.0009),0.0011( 0.0008),-5.5727( -9.2727),0.01( -0.01),"[14, 0, 11, 11, 11, 10, 43]",Indexes
UNH,2026-01-15,5 (34),0.61(-0.23),0.62(-0.38),1.00( 0.00),0.0007(-0.0112),0.0014(-0.0491),-1.0316( -8.6316),0.47( -0.03),"[34, 0, 5, 20, 0, 29, 13]",All Stocks
UNH,2026-01-15,5 (34),0.61(-0.23),0.62(-0.38),1.00( 0.00),0.0007(-0.0112),0.0014(-0.0491),-1.0316( -8.6316),0.47( -0.03),"[34, 0, 5, 20, 0, 29, 13]",Health
UNIP3,2026-01-15,99 (38),1.00( 0.32),0.92( 0.82),0.84( 0.47),0.0083( 0.0082),0.0295( 0.0273),0.7544( -1.0456),0.88(  0.44),"[30, 0, 29, 20, 17, 1, 4]",All Stocks
UNIP3,2026-01-15,99 (38),1.00( 0.32),0.92( 0.82),0.84( 0.47),0.0083( 0.0082),0.0295( 0.0273),0.7544( -1.0456),0.88(  0.44),"[30, 0, 29, 20, 17, 1, 4]",Stocks to buy
UNIP3,2026-01-15,99 (38),1.00( 0.32),0.92( 0.82),0.84( 0.47),0.0083( 0.0082),0.0295( 0.0273),0.7544( -1.0456),0.88(  0.44),"[30, 0, 29, 20, 17, 1, 4]",STRONG BUY
UNIP5,2026-01-15,79 (48),0.18( 0.04),0.98( 0.00),0.26(-0.72),0.0087( 0.0062),0.0402( 0.0066),-2.2007( -7.0007),0.18(  0.13),"[17, 9, 19, 23, 21, 2, 10]",All Stocks
UNIP5,2026-01-15,79 (48),0.18( 0.04),0.98( 0.00),0.26(-0.72),0.0087( 0.0062),0.0402( 0.0066),-2.2007( -7.0007),0.18(  0.13),"[17, 9, 19, 23, 21, 2, 10]",Stocks to buy
UNIP5,2026-01-15,79 (48),0.18( 0.04),0.98( 0.00),0.26(-0.72),0.0087( 0.0062),0.0402( 0.0066),-2.2007( -7.0007),0.18(  0.13),"[17, 9, 19, 23, 21, 2, 10]",STRONG BUY
UNIP6,2026-01-15,75 (71),0.36( 0.05),0.97( 0.87),1.00( 0.90),0.0046(-0.0002),0.0076( 0.0071),-0.5094( -1.5094),0.93(  0.81),"[69, 0, 0, 22, 3, 2, 4]",All Stocks
UNIP6,2026-01-15,75 (71),0.36( 0.05),0.97( 0.87),1.00( 0.90),0.0046(-0.0002),0.0076( 0.0071),-0.5094( -1.5094),0.93(  0.81),"[69, 0, 0, 22, 3, 2, 4]",Stocks to buy
UNIP6,2026-01-15,75 (71),0.36( 0.05),0.97( 0.87),1.00( 0.90),0.0046(-0.0002),0.0076( 0.0071),-0.5094( -1.5094),0.93(  0.81),"[69, 0, 0, 22, 3, 2, 4]",STRONG BUY
USIM3,2026-01-15,55 (40),0.57(-0.08),0.23(-0.06),1.00( 0.56),0.0046( 0.0041),0.0129( 0.0060),7.8302(  6.5302),0.99(  0.58),"[21, 24, 12, 6, 17, 18, 2]",All Stocks
USIM3,2026-01-15,55 (40),0.57(-0.08),0.23(-0.06),1.00( 0.56),0.0046( 0.0041),0.0129( 0.0060),7.8302(  6.5302),0.99(  0.58),"[21, 24, 12, 6, 17, 18, 2]",Stocks to buy
USIM5,2026-01-15,76 (92),0.23(-0.05),0.97( 0.06),0.14(-0.85),0.0078( 0.0014),0.0101( 0.0032),6.7288(  4.3288),0.93(  0.83),"[18, 14, 6, 41, 16, 3, 3]",All Stocks
UUP,2026-01-15,28 (32),0.88( 0.10),0.96(-0.03),1.00( 0.04),0.0002(-0.0001),0.0020(-0.0001),6.6294( -0.0706),0.98(  0.01),"[6, 0, 3, 28, 23, 20, 20]",All Stocks
UUP,2026-01-15,28 (32),0.88( 0.10),0.96(-0.03),1.00( 0.04),0.0002(-0.0001),0.0020(-0.0001),6.6294( -0.0706),0.98(  0.01),"[6, 0, 3, 28, 23, 20, 20]",Indexes
V,2026-01-15,12 (27),1.00( 0.35),1.00( 0.90),-1.00(-1.33),-0.0015(-0.0035),0.0044(-0.0014),1.7082(  0.7082),0.44( -0.00),"[12, 0, 15, 22, 24, 0, 27]",All Stocks
V,2026-01-15,12 (27),1.00( 0.35),1.00( 0.90),-1.00(-1.33),-0.0015(-0.0035),0.0044(-0.0014),1.7082(  0.7082),0.44( -0.00),"[12, 0, 15, 22, 24, 0, 27]",Finance
VALE,2026-01-15,93 (87),-0.43(-0.53),0.89( 0.00),1.00( 0.21),-0.0108(-0.0138),0.0147( 0.0040),3.6350(  2.6350),0.41(  0.40),"[0, 41, 4, 7, 46, 3, 0]",All Stocks
VALE,2026-01-15,93 (87),-0.43(-0.53),0.89( 0.00),1.00( 0.21),-0.0108(-0.0138),0.0147( 0.0040),3.6350(  2.6350),0.41(  0.40),"[0, 41, 4, 7, 46, 3, 0]",Stocks to buy
VALE,2026-01-15,93 (87),-0.43(-0.53),0.89( 0.00),1.00( 0.21),-0.0108(-0.0138),0.0147( 0.0040),3.6350(  2.6350),0.41(  0.40),"[0, 41, 4, 7, 46, 3, 0]",STRONG BUY
VALE,2026-01-15,93 (87),-0.43(-0.53),0.89( 0.00),1.00( 0.21),-0.0108(-0.0138),0.0147( 0.0040),3.6350(  2.6350),0.41(  0.40),"[0, 41, 4, 7, 46, 3, 0]",Brazilian biggest stocks
VALE,2026-01-15,93 (87),-0.43(-0.53),0.89( 0.00),1.00( 0.21),-0.0108(-0.0138),0.0147( 0.0040),3.6350(  2.6350),0.41(  0.40),"[0, 41, 4, 7, 46, 3, 0]",ADRs
VALE3,2026-01-15,62 (62),-1.00(-1.26),-0.95(-1.05),-1.00(-1.10),0.0106( 0.0038),0.0123( 0.0122),2.3456( -0.9544),0.33(  0.32),"[4, 6, 20, 62, 0, 8, 0]",All Stocks
VALE3,2026-01-15,62 (62),-1.00(-1.26),-0.95(-1.05),-1.00(-1.10),0.0106( 0.0038),0.0123( 0.0122),2.3456( -0.9544),0.33(  0.32),"[4, 6, 20, 62, 0, 8, 0]",Stocks to buy
VALE3,2026-01-15,62 (62),-1.00(-1.26),-0.95(-1.05),-1.00(-1.10),0.0106( 0.0038),0.0123( 0.0122),2.3456( -0.9544),0.33(  0.32),"[4, 6, 20, 62, 0, 8, 0]",Brazilian biggest stocks
WEGE3,2026-01-15,0 (60),0.90(-0.08),0.99(-0.00),-1.00(-1.10),-0.0045(-0.0162),-0.0004(-0.0424),-5.4189(-12.6189),0.38( -0.05),"[10, 0, 12, 19, 0, 59, 0]",All Stocks
